rebalance_date,ticker,me_date,fy_end,be_filed,book_equity,shares,shares_date,price,market_cap,bm,excluded_reason,bm_w,rank_pct
2021-06-30,NVDA,2020-12-31,2020-01-26,2020-02-20,12204000000.0,619000000.0,2020-11-26,13.055000305175781,8081045188.903809,1.510200687499864,,1.510200687499864,0.9393939393939394
2021-06-30,META,2020-12-31,2020-12-31,2021-01-28,128290000000.0,,,273.1600036621094,,,missing price/shares,,
2021-06-30,GOOGL,2020-12-31,2020-12-31,2021-02-03,222544000000.0,677048000.0,2020-12-31,87.63200378417969,59331072898.07129,3.7508844713178005,,2.4064742010270352,0.9848484848484849
2021-06-30,MSFT,2020-12-31,2020-06-30,2020-07-30,118304000000.0,7560500224.0,2020-11-26,222.4199981689453,1681606445978.3906,0.07035177599546395,,0.07035177599546395,0.3333333333333333
2021-06-30,TSLA,2020-12-31,2020-12-31,2021-02-08,22225000000.0,947900992.0,2020-11-26,235.22332763671875,222968425608.38672,0.09967779042865534,,0.09967779042865534,0.3939393939393939
2021-06-30,ORCL,2020-12-31,2020-05-31,2020-06-22,12074000000.0,3010889984.0,2020-12-15,64.69000244140625,194774480415.76562,0.06198964039963982,,0.06198964039963982,0.24242424242424243
2021-06-30,AMD,2020-12-31,2020-12-26,2021-01-29,5837000000.0,1204070016.0,2020-12-08,91.70999908447266,110425260065.00098,0.05285928234684795,,0.05285928234684795,0.15151515151515152
2021-06-30,INTC,2020-12-31,2020-12-26,2021-01-22,81038000000.0,4097999872.0,2020-11-26,49.81999969482422,204162352372.4297,0.3969292039316425,,0.3969292039316425,0.7272727272727273
2021-06-30,SMCI,2020-12-31,2020-06-30,2020-08-31,1065540000.0,51782100.0,2020-11-26,3.1659998893737793,163942122.87154198,6.499488852141505,,2.4064742010270352,0.9848484848484849
2021-06-30,MU,2020-12-31,2020-09-03,2020-10-19,38996000000.0,1116909952.0,2020-12-29,75.18000030517578,83969290532.21387,0.46440787760424895,,0.46440787760424895,0.7878787878787878
2021-06-30,RKLB,2020-12-31,2020-12-31,2021-03-31,5000001.0,,,10.109999656677246,,,missing price/shares,,
2021-06-30,WDC,2020-12-31,2020-07-03,2020-08-28,9551000000.0,304244992.0,2020-11-26,41.86697006225586,12737815971.655273,0.749814569566187,,0.749814569566187,0.8484848484848485
2021-06-30,STX,2020-12-31,2020-07-03,2020-08-07,1787000000.0,256932000.0,2020-11-26,62.15999984741211,15970893080.795288,0.11189105023493241,,0.11189105023493241,0.45454545454545453
2021-06-30,CRWD,2020-12-31,2020-01-31,2020-03-23,742107000.0,221264000.0,2020-12-07,52.95500183105469,11717035525.146484,0.06333573013475371,,0.06333573013475371,0.2727272727272727
2021-06-30,PLTR,2020-12-31,2020-12-31,2021-02-26,1522550000.0,1877929984.0,2020-12-01,23.549999237060547,44225249690.453125,0.034427165717702476,,0.034427165717702476,0.09090909090909091
2021-06-30,AAPL,2020-12-31,2020-09-26,2020-10-30,65339000000.0,17001799680.0,2020-11-26,132.69000244140625,2255968841047.5,0.028962722716356998,,0.032241388517164286,0.045454545454545456
2021-06-30,AMZN,2020-12-31,2020-12-31,2021-02-03,93404000000.0,501751008.0,2020-11-26,162.84649658203125,81708393809.30273,1.1431383685988659,,1.1431383685988659,0.9090909090909091
2021-06-30,AVGO,2020-12-31,,,,406712992.0,2020-12-22,43.78499984741211,17807928292.660522,,no FY t-1 report,,
2021-06-30,CSCO,2020-12-31,2020-07-25,2020-09-03,37920000000.0,4225509888.0,2020-11-26,44.75,189091567488.0,0.20053776328448095,,0.20053776328448095,0.6666666666666666
2021-06-30,ADBE,2020-12-31,2020-11-27,2021-01-15,13264000000.0,479719008.0,2020-11-26,500.1199951171875,239917067938.58203,0.05528577067887283,,0.05528577067887283,0.18181818181818182
2021-06-30,CRM,2020-12-31,2020-01-31,2020-03-05,33885000000.0,913100992.0,2020-12-29,222.52999877929688,203192362635.13477,0.16676315763327226,,0.16676315763327226,0.6060606060606061
2021-06-30,NFLX,2020-12-31,2020-12-31,2021-01-28,11065240000.0,441795008.0,2020-11-26,54.073001861572266,23889182290.017334,0.4631904041614633,,0.4631904041614633,0.7575757575757576
2021-06-30,QCOM,2020-12-31,,,,1131000064.0,2020-11-26,152.33999633789062,172296545607.91406,,no FY t-1 report,,
2021-06-30,TXN,2020-12-31,2020-12-31,2021-02-05,9187000000.0,917942016.0,2020-11-26,164.1300048828125,150661827568.21875,0.06097762219059889,,0.06097762219059889,0.21212121212121213
2021-06-30,TSM,2020-12-31,,,,4442860032.0,2020-12-31,109.04000091552734,484449461956.83984,,foreign currency,,
2021-06-30,JPM,2020-12-31,2020-12-31,2021-02-23,279354000000.0,3048199936.0,2020-11-26,127.06999969482422,387334764937.2832,0.7212210864811803,bank,,
2021-06-30,BAC,2020-12-31,2020-12-31,2021-02-24,272924000000.0,8650789888.0,2020-12-08,30.309999465942383,262205436885.25977,1.0408784929941428,bank,,
2021-06-30,WFC,2020-12-31,2020-12-31,2021-02-23,184887000000.0,4134490112.0,2020-11-26,30.18000030517578,124778912841.90625,1.4817167082890852,bank,,
2021-06-30,V,2020-12-31,,,,2204410112.0,2020-12-07,218.72999572753906,482170614379.5039,,no FY t-1 report,,
2021-06-30,MA,2020-12-31,2020-12-31,2021-02-12,6391000000.0,996924992.0,2020-12-01,356.94000244140625,355842409078.3789,0.017960197651967613,,0.032241388517164286,0.045454545454545456
2021-06-30,JNJ,2020-12-31,,,,2632539904.0,2020-11-26,157.3800048828125,414309142945.71875,,no FY t-1 report,,
2021-06-30,PFE,2020-12-31,2020-12-31,2021-02-25,63238000000.0,5558400000.0,2020-11-26,36.810001373291016,204604711633.30078,0.3090740164055322,,0.3090740164055322,0.696969696969697
2021-06-30,MRK,2020-12-31,2020-12-31,2021-02-25,25317000000.0,2530030080.0,2020-11-26,78.05343627929688,197477541633.98438,0.12820192002857675,,0.12820192002857675,0.5151515151515151
2021-06-30,UNH,2020-12-31,,,,948820992.0,2020-11-26,350.67999267578125,332732538525.1875,,no FY t-1 report,,
2021-06-30,ABT,2020-12-31,,,,1772359936.0,2020-11-26,109.48999786376953,194055685606.4707,,no FY t-1 report,,
2021-06-30,PG,2020-12-31,2020-06-30,2020-08-06,46878000000.0,2479610112.0,2020-12-01,139.13999938964844,345012949470.2461,0.1358731609117262,,0.1358731609117262,0.5454545454545454
2021-06-30,KO,2020-12-31,,,,4297430016.0,2020-11-26,54.84000015258789,235671062733.17578,,no FY t-1 report,,
2021-06-30,PEP,2020-12-31,2020-12-26,2021-02-11,13454000000.0,1381959936.0,2020-11-26,148.3000030517578,204944662726.20703,0.06564698890438384,,0.06564698890438384,0.30303030303030304
2021-06-30,WMT,2020-12-31,2020-01-31,2020-03-20,74669000000.0,2829289984.0,2020-12-04,48.04999923706055,135947381572.62305,0.5492492693587617,,0.5492492693587617,0.8181818181818182
2021-06-30,COST,2020-12-31,2020-08-30,2020-10-07,18284000000.0,442955008.0,2020-12-18,376.7799987792969,166896587373.52344,0.10955286916130547,,0.10955286916130547,0.42424242424242425
2021-06-30,HD,2020-12-31,2020-02-02,2020-03-25,-3116000000.0,1076460032.0,2020-11-26,265.6199951171875,285929308443.6875,-0.01089779853964737,negative book equity,,
2021-06-30,NKE,2020-12-31,2020-05-31,2020-07-24,8055000000.0,1569830016.0,2020-12-01,141.47000122070312,222083854279.8164,0.0362700837758833,,0.0362700837758833,0.12121212121212122
2021-06-30,MCD,2020-12-31,2020-12-31,2021-02-23,-7824900000.0,745110976.0,2020-12-11,214.5800018310547,159885914594.41895,-0.04894052124509747,negative book equity,,
2021-06-30,ASML,2020-12-31,,,,418083008.0,2020-12-31,487.7200012207031,203907445172.11523,,foreign currency,,
2021-06-30,XOM,2020-12-31,,,,4228229888.0,2020-11-26,41.220001220703125,174287641144.77344,,no FY t-1 report,,
2021-06-30,CVX,2020-12-31,2020-12-31,2021-02-25,131688000000.0,1925010048.0,2020-11-26,84.44999694824219,162567092678.93555,0.8100532391268096,,0.8100532391268096,0.8787878787878788
2021-06-30,HON,2020-12-31,2020-12-31,2021-02-12,17549000000.0,701686016.0,2020-11-26,210.24777221679688,147527921659.6797,0.11895375331377865,,0.11895375331377865,0.48484848484848486
2021-06-30,CAT,2020-12-31,2020-12-31,2021-02-17,15378000000.0,543257984.0,2020-11-26,182.02000427246094,98883820568.72852,0.1555158357712486,,0.1555158357712486,0.5757575757575758
2021-06-30,GE,2020-12-31,2020-12-31,2021-02-12,35552000000.0,8759870464.0,2020-11-26,53.82865524291992,471532047179.29297,0.07539678419032649,,0.07539678419032649,0.36363636363636365
2021-06-30,TMO,2020-12-31,2020-12-31,2021-02-25,34507000000.0,396335008.0,2020-11-26,465.7799987792969,184604919542.43262,0.186923512577726,,0.186923512577726,0.6363636363636364
2022-06-30,NVDA,2021-12-31,2021-01-31,2021-02-26,16893000000.0,2492000000.0,2021-07-20,29.410999298095703,73292210250.85449,0.2304883416966273,,0.2304883416966273,0.6857142857142857
2022-06-30,META,2021-12-31,2021-12-31,2022-02-03,124879000000.0,,,336.3500061035156,,,missing price/shares,,
2022-06-30,GOOGL,2021-12-31,2021-12-31,2022-02-02,251635000000.0,663334016.0,2021-12-31,144.8520050048828,96085262205.54102,2.618871970830598,,1.9302066147078847,0.9857142857142858
2022-06-30,MSFT,2021-12-31,2021-06-30,2021-07-29,141988000000.0,7658599936.0,2021-12-04,336.32000732421875,2575740386568.7812,0.05512512081590115,,0.05512512081590115,0.2571428571428571
2022-06-30,TSLA,2021-12-31,2021-12-31,2022-02-07,30189000000.0,1004259968.0,2021-12-04,352.260009765625,353760626134.90625,0.08533736591840907,,0.08533736591840907,0.42857142857142855
2022-06-30,ORCL,2021-12-31,2021-05-31,2021-06-21,5238000000.0,2670449920.0,2021-12-14,87.20999908447266,232889935078.33008,0.022491311177695393,,0.022491311177695393,0.11428571428571428
2022-06-30,AMD,2021-12-31,2021-12-25,2022-02-03,7497000000.0,1207609984.0,2021-10-29,143.89999389648438,173775069326.9336,0.04314197674636192,,0.04314197674636192,0.17142857142857143
2022-06-30,INTC,2021-12-31,2021-12-25,2022-01-27,95391000000.0,4067000064.0,2021-12-04,51.5,209450503296.0,0.4554345704540579,,0.4554345704540579,0.7714285714285715
2022-06-30,SMCI,2021-12-31,2021-06-30,2021-08-27,1096225000.0,51787000.0,2021-11-16,4.394999980926514,227603864.01224136,4.816372537247615,,1.9302066147078847,0.9857142857142858
2022-06-30,MU,2021-12-31,2021-09-02,2021-10-08,43933000000.0,1120169984.0,2021-12-08,93.1500015258789,104343835718.84375,0.4210406843618268,,0.4210406843618268,0.7428571428571429
2022-06-30,RKLB,2021-12-31,2021-12-31,2022-03-24,698448000.0,449204992.0,2021-12-05,12.279999732971191,5516237181.809326,0.12661674561479044,,0.12661674561479044,0.4857142857142857
2022-06-30,WDC,2021-12-31,2021-07-02,2021-08-27,10721000000.0,311623008.0,2021-12-04,49.289493560791016,15359740246.210327,0.6979935746403763,,0.6979935746403763,0.9142857142857143
2022-06-30,STX,2021-12-31,2021-07-02,2021-08-06,631000000.0,222636000.0,2021-11-18,112.9800033569336,25153416027.374268,0.025086055878584746,,0.025086055878584746,0.14285714285714285
2022-06-30,CRWD,2021-12-31,2021-01-31,2021-03-18,870574000.0,229339008.0,2021-12-08,51.1875,11739290472.0,0.0741589964126411,,0.0741589964126411,0.37142857142857144
2022-06-30,PLTR,2021-12-31,2021-12-31,2022-02-24,2291030000.0,2004819968.0,2021-12-04,18.209999084472656,36507769781.8125,0.0627545865905331,,0.0627545865905331,0.2857142857142857
2022-06-30,AAPL,2021-12-31,2021-09-25,2021-10-29,63090000000.0,16406400000.0,2021-12-04,177.57000732421875,2913284568164.0625,0.021655968898279993,,0.021655968898279993,0.08571428571428572
2022-06-30,AMZN,2021-12-31,2021-12-31,2022-02-04,138245000000.0,507148000.0,2021-11-02,166.7169952392578,84550190701.59912,1.6350643192267258,,1.6350643192267258,0.9428571428571428
2022-06-30,AVGO,2021-12-31,,,,412873984.0,2021-12-21,66.54100036621094,27473047920.54297,,no FY t-1 report,,
2022-06-30,CSCO,2021-12-31,2021-07-31,2021-09-09,41275000000.0,4217609984.0,2021-11-28,63.369998931884766,267269940181.18652,0.15443188250807038,,0.15443188250807038,0.5714285714285714
2022-06-30,ADBE,2021-12-31,2021-12-03,2022-01-21,14797000000.0,475800000.0,2021-11-12,567.0599975585938,269807146838.3789,0.05484287637815527,,0.05484287637815527,0.22857142857142856
2022-06-30,CRM,2021-12-31,2021-01-31,2021-03-17,41493000000.0,985000000.0,2021-12-08,254.1300048828125,250318054809.5703,0.16576111551987666,,0.16576111551987666,0.6285714285714286
2022-06-30,NFLX,2021-12-31,2021-12-31,2022-01-27,15849248000.0,442952000.0,2021-12-04,60.24399948120117,26685200058.19702,0.5939340145636836,,0.5939340145636836,0.8
2022-06-30,QCOM,2021-12-31,,,,1123299968.0,2021-12-04,182.8699951171875,205417859663.29688,,no FY t-1 report,,
2022-06-30,TXN,2021-12-31,2021-12-31,2022-02-04,13333000000.0,924481024.0,2021-12-04,188.47000122070312,174236939721.79688,0.07652223472983814,,0.07652223472983814,0.4
2022-06-30,TSM,2021-12-31,,,,5186079744.0,2021-11-16,120.30999755859375,623937241339.3125,,foreign currency,,
2022-06-30,JPM,2021-12-31,2021-12-31,2022-02-22,294127000000.0,2955269888.0,2021-12-31,158.35000610351562,467967004802.33594,0.628520808051918,bank,,
2022-06-30,BAC,2021-12-31,2021-12-31,2022-02-22,270066000000.0,8184079872.0,2021-11-21,44.4900016784668,364109727241.9863,0.7417159712970669,bank,,
2022-06-30,WFC,2021-12-31,2021-12-31,2022-02-22,187606000000.0,4084100096.0,2021-12-04,47.97999954223633,195955120736.52734,0.9573926891772673,bank,,
2022-06-30,V,2021-12-31,,,,2173809920.0,2021-12-09,216.7100067138672,471086362357.8711,,no FY t-1 report,,
2022-06-30,MA,2021-12-31,2021-12-31,2022-02-11,7312000000.0,982556992.0,2021-12-31,359.32000732421875,353052385561.90234,0.02071080751476172,,0.021372420483224512,0.04285714285714286
2022-06-30,JNJ,2021-12-31,,,,2632600064.0,2021-12-04,171.07000732421875,450358912230.21875,,no FY t-1 report,,
2022-06-30,PFE,2021-12-31,2021-12-31,2022-02-24,77201000000.0,5612870144.0,2021-12-04,59.04999923706055,331439977720.9199,0.23292603544948648,,0.23292603544948648,0.7142857142857143
2022-06-30,MRK,2021-12-31,2021-12-31,2022-02-25,38184000000.0,2525939968.0,2021-12-09,76.63999938964844,193588037605.8086,0.19724359248762946,,0.19724359248762946,0.6571428571428571
2022-06-30,UNH,2021-12-31,,,,941851008.0,2021-11-06,502.1400146484375,472941078953.7656,,no FY t-1 report,,
2022-06-30,ABT,2021-12-31,,,,1768290048.0,2021-11-20,140.74000549316406,248869151069.02734,,no FY t-1 report,,
2022-06-30,PG,2021-12-31,2021-06-30,2021-08-06,46654000000.0,2439480064.0,2021-11-27,163.5800018310547,399050153335.9414,0.11691262266155354,,0.11691262266155354,0.45714285714285713
2022-06-30,KO,2021-12-31,,,,4319419904.0,2021-11-01,59.209999084472656,255752848561.29297,,no FY t-1 report,,
2022-06-30,PEP,2021-12-31,2021-12-25,2022-02-10,16043000000.0,1388950016.0,2021-10-19,173.7100067138672,241274516604.58594,0.06649272465973752,,0.06649272465973752,0.3142857142857143
2022-06-30,WMT,2021-12-31,2021-01-31,2021-03-19,80925000000.0,2773880064.0,2021-12-05,48.22999954223633,133784234216.93848,0.6048919027990672,,0.6048919027990672,0.8285714285714286
2022-06-30,COST,2021-12-31,2021-08-29,2021-10-06,17564000000.0,443432000.0,2021-12-24,567.7000122070312,251736351812.98828,0.06977140914891812,,0.06977140914891812,0.34285714285714286
2022-06-30,HD,2021-12-31,2021-01-31,2021-03-24,3299000000.0,1044240000.0,2021-11-26,415.010009765625,433370052597.65625,0.007612431870235423,,0.021372420483224512,0.04285714285714286
2022-06-30,NKE,2021-12-31,2021-05-31,2021-07-20,12767000000.0,1582819968.0,2021-12-04,166.6699981689453,263808601168.33008,0.048394934598260796,,0.048394934598260796,0.2
2022-06-30,MCD,2021-12-31,2021-12-31,2022-02-24,-4601000000.0,747244992.0,2021-12-03,268.07000732421875,200313970478.42578,-0.022968942151219238,negative book equity,,
2022-06-30,ASML,2021-12-31,,,,416828000.0,2021-12-31,796.1400146484375,331853450025.8789,,foreign currency,,
2022-06-30,XOM,2021-12-31,,,,4260679936.0,2021-12-05,61.189998626708984,260710999432.68652,,no FY t-1 report,,
2022-06-30,CVX,2021-12-31,2021-12-31,2022-02-24,139067000000.0,1936220032.0,2021-12-31,117.3499984741211,227215417800.7627,0.612049135336155,,0.612049135336155,0.8571428571428571
2022-06-30,HON,2021-12-31,2021-12-31,2022-02-11,18569000000.0,688422976.0,2021-12-05,206.1060791015625,141888160346.78906,0.13087067979890274,,0.13087067979890274,0.5142857142857142
2022-06-30,CAT,2021-12-31,2021-12-31,2022-02-16,16516000000.0,540942016.0,2021-11-19,206.74000549316406,111834355359.32324,0.14768270400391875,,0.14768270400391875,0.5428571428571428
2022-06-30,GE,2021-12-31,2021-12-31,2022-02-11,40310000000.0,1098140032.0,2021-11-16,58.85640335083008,64632572659.08545,0.6236793360001521,,0.6236793360001521,0.8857142857142857
2022-06-30,TMO,2021-12-31,2021-12-31,2022-02-24,40793000000.0,394048000.0,2021-12-23,667.239990234375,262924583671.875,0.15515095405041662,,0.15515095405041662,0.6
2023-06-30,NVDA,2022-12-30,2022-01-30,2022-03-18,26612000000.0,2492000000.0,2021-07-20,14.61400032043457,36418088798.52295,0.7307357656033651,stale shares data,,
2023-06-30,META,2022-12-30,2022-12-31,2023-02-02,125713000000.0,2658200064.0,2022-12-16,120.33999633789062,319887785967.1406,0.3929909346801801,,0.3929909346801801,0.696969696969697
2023-06-30,GOOGL,2022-12-30,2022-12-31,2023-02-03,256144000000.0,12977399808.0,2022-12-30,88.2300033569336,1144996028624.1094,0.2237073261361411,,0.2237073261361411,0.6060606060606061
2023-06-30,MSFT,2022-12-30,2022-06-30,2022-07-28,166542000000.0,7454470144.0,2022-10-29,239.82000732421875,1787731084532.25,0.09315830632523504,,0.09315830632523504,0.21212121212121213
2023-06-30,TSLA,2022-12-30,2022-12-31,2023-01-31,44704000000.0,3157750016.0,2022-12-07,123.18000030517578,388971647934.5488,0.11492868500154083,,0.11492868500154083,0.30303030303030304
2023-06-30,ORCL,2022-12-30,2022-05-31,2022-06-21,-6220000000.0,2696250112.0,2022-12-17,81.73999786376953,220391478395.06836,-0.0282225068105863,negative book equity,,
2023-06-30,AMD,2022-12-30,2022-12-31,2023-02-27,54750000000.0,1612359936.0,2022-12-07,64.7699966430664,104432547642.13477,0.5242618439953709,,0.5242618439953709,0.7878787878787878
2023-06-30,INTC,2022-12-30,2022-12-31,2023-01-27,101423000000.0,4147859968.0,2022-11-25,26.43000030517578,109627940220.0664,0.9251564865344012,,0.9251564865344012,0.9090909090909091
2023-06-30,SMCI,2022-12-30,2022-06-30,2022-08-29,1425575000.0,52922900.0,2022-11-09,8.210000038146973,434497011.0188484,3.2809776910943094,,1.5953117227718971,0.9848484848484849
2023-06-30,MU,2022-12-30,2022-09-01,2022-10-07,49907000000.0,1091180032.0,2022-12-24,49.97999954223633,54537177499.85742,0.9151005293614705,,0.9151005293614705,0.8787878787878788
2023-06-30,RKLB,2022-12-30,2022-12-31,2023-03-07,673206000.0,473256992.0,2022-11-12,3.7699999809265137,1784178850.8133392,0.37731979599080606,,0.37731979599080606,0.6666666666666666
2023-06-30,WDC,2022-12-30,2022-07-01,2022-08-25,12221000000.0,317649984.0,2022-11-09,23.84731674194336,7575099781.52124,1.6133120820153428,,1.5953117227718971,0.9848484848484849
2023-06-30,STX,2022-12-30,2022-07-01,2022-08-05,109000000.0,206454000.0,2022-11-23,52.61000061035156,10861545066.009521,0.010035404662740681,,0.022244389440858443,0.045454545454545456
2023-06-30,CRWD,2022-12-30,2022-01-31,2022-03-16,1025764000.0,234394000.0,2022-12-21,26.322500228881836,6169836118.648529,0.1662546590013299,,0.1662546590013299,0.45454545454545453
2023-06-30,PLTR,2022-12-30,2022-12-31,2023-02-21,2565326000.0,2080189952.0,2022-11-16,6.420000076293945,13354819650.545898,0.19208990215716903,,0.19208990215716903,0.5151515151515151
2023-06-30,AAPL,2022-12-30,2022-09-24,2022-10-28,50672000000.0,15908100096.0,2022-12-07,129.92999267578125,2066939328958.875,0.02451547526821877,,0.02451547526821877,0.09090909090909091
2023-06-30,AMZN,2022-12-30,2022-12-31,2023-02-03,146043000000.0,10201700352.0,2022-11-19,84.0,856942829568.0,0.17042327091250983,,0.17042327091250983,0.48484848484848486
2023-06-30,AVGO,2022-12-30,,,,417886016.0,2022-12-21,55.91299819946289,23365260060.18872,,no FY t-1 report,,
2023-06-30,CSCO,2022-12-30,2022-07-30,2022-09-08,39773000000.0,4108100096.0,2022-12-07,47.63999938964844,195709886066.0547,0.20322427650167904,,0.20322427650167904,0.5454545454545454
2023-06-30,ADBE,2022-12-30,2022-12-02,2023-01-17,14051000000.0,475272000.0,2022-11-17,336.5299987792969,159943285579.83398,0.08784988972223277,,0.08784988972223277,0.18181818181818182
2023-06-30,CRM,2022-12-30,2022-01-31,2022-03-11,58131000000.0,1000000000.0,2022-12-07,132.58999633789062,132589996337.89062,0.4384267411235137,,0.4384267411235137,0.7272727272727273
2023-06-30,NFLX,2022-12-30,2022-12-31,2023-01-26,20777401000.0,445020000.0,2022-12-07,29.488000869750977,13122750147.05658,1.5833114832762667,,1.5833114832762667,0.9393939393939394
2023-06-30,QCOM,2022-12-30,,,,1120999936.0,2022-11-22,109.94000244140625,123242735700.65625,,no FY t-1 report,,
2023-06-30,TXN,2022-12-30,2022-12-31,2023-02-03,14577000000.0,918995008.0,2022-11-04,165.22000122070312,151836356343.58008,0.09600467471054631,,0.09600467471054631,0.24242424242424243
2023-06-30,TSM,2022-12-30,,,,5186079744.0,2022-12-30,74.48999786376953,386311069051.89844,,foreign currency,,
2023-06-30,JPM,2022-12-30,2022-12-31,2023-02-21,292332000000.0,2933199872.0,2022-11-09,134.10000610351562,393342120738.03125,0.7432003454181183,bank,,
2023-06-30,BAC,2022-12-30,2022-12-31,2023-02-22,273197000000.0,8022430208.0,2022-11-04,33.119998931884766,265702879920.08008,1.0282048884158652,bank,,
2023-06-30,WFC,2022-12-30,2022-12-31,2023-02-21,179889000000.0,3810490112.0,2022-11-05,41.290000915527344,157335140213.0879,1.1433491574505614,bank,,
2023-06-30,V,2022-12-30,,,,2117619968.0,2022-12-05,207.75999450683594,439956712919.2461,,no FY t-1 report,,
2023-06-30,MA,2022-12-30,2022-12-31,2023-02-14,6298000000.0,961459968.0,2022-12-07,347.7300109863281,334328485235.5547,0.018837760699817956,,0.022244389440858443,0.045454545454545456
2023-06-30,JNJ,2022-12-30,,,,2614479872.0,2022-10-30,176.64999389648438,461847853431.28125,,no FY t-1 report,,
2023-06-30,PFE,2022-12-30,2022-12-31,2023-02-23,95661000000.0,5613309952.0,2022-12-05,51.2400016784668,287626011362.2344,0.33258813953208544,,0.33258813953208544,0.6363636363636364
2023-06-30,MRK,2022-12-30,2022-12-31,2023-02-24,45991000000.0,2535399936.0,2022-12-04,110.94999694824219,281302615161.77344,0.16349296992333748,,0.16349296992333748,0.42424242424242425
2023-06-30,UNH,2022-12-30,,,,934348992.0,2022-11-10,530.1799926757812,495373141735.1836,,no FY t-1 report,,
2023-06-30,ABT,2022-12-30,,,,1743570048.0,2022-12-07,109.79000091552734,191426557166.20605,,no FY t-1 report,,
2023-06-30,PG,2022-12-30,2022-06-30,2022-08-05,46854000000.0,2369700096.0,2022-12-07,151.55999755859375,359151740764.3594,0.1304573935804506,,0.1304573935804506,0.3939393939393939
2023-06-30,KO,2022-12-30,,,,4350940160.0,2022-12-28,63.61000061035156,276763306233.2031,,no FY t-1 report,,
2023-06-30,PEP,2022-12-30,2022-12-31,2023-02-09,17149000000.0,1377709952.0,2022-12-07,180.66000366210938,248897084973.64453,0.06889996321899829,,0.06889996321899829,0.12121212121212122
2023-06-30,WMT,2022-12-30,2022-01-31,2022-03-18,83253000000.0,2696800000.0,2022-12-07,47.26333236694336,127459754727.17285,0.6531708787468071,,0.6531708787468071,0.8484848484848485
2023-06-30,COST,2022-12-30,2022-08-28,2022-10-05,20642000000.0,443840992.0,2022-12-14,456.5,202613412848.0,0.10187874390865509,,0.10187874390865509,0.2727272727272727
2023-06-30,HD,2022-12-30,2022-01-30,2022-03-23,-1696000000.0,1019190016.0,2022-12-05,315.8599853515625,321921343524.21875,-0.005268367674641016,negative book equity,,
2023-06-30,NKE,2022-12-30,2022-05-31,2022-07-21,15281000000.0,1564589952.0,2022-12-07,117.01000213623047,183072673625.84473,0.08346958449533864,,0.08346958449533864,0.15151515151515152
2023-06-30,MCD,2022-12-30,2022-12-31,2023-02-24,-6003400000.0,732424000.0,2022-11-11,263.5299987792969,193015695825.92773,-0.031103170000299867,negative book equity,,
2023-06-30,ASML,2022-12-30,,,,403136992.0,2022-12-30,546.4000244140625,220274062271.01172,,foreign currency,,
2023-06-30,XOM,2022-12-30,,,,4118289920.0,2022-11-05,110.30000305175781,454247390744.02344,,no FY t-1 report,,
2023-06-30,CVX,2022-12-30,2022-12-31,2023-02-23,159282000000.0,1933639936.0,2022-11-10,179.49000549316406,347069042734.4414,0.45893462218661213,,0.45893462218661213,0.7575757575757576
2023-06-30,HON,2022-12-30,2022-12-31,2023-02-10,16697000000.0,672321984.0,2022-10-30,211.82933044433594,142417515713.72754,0.11723979256570184,,0.11723979256570184,0.3333333333333333
2023-06-30,CAT,2022-12-30,2022-12-31,2023-02-15,15891000000.0,520408992.0,2022-11-04,239.55999755859375,124669176852.99023,0.12746534790021635,,0.12746534790021635,0.36363636363636365
2023-06-30,GE,2022-12-30,2022-12-31,2023-02-10,36366000000.0,1092669952.0,2022-10-27,52.20258331298828,57040194202.87891,0.6375504240159924,,0.6375504240159924,0.8181818181818182
2023-06-30,TMO,2022-12-30,2022-12-31,2023-02-23,43978000000.0,392196000.0,2022-11-09,550.6900024414062,215978416197.50977,0.20362219880241472,,0.20362219880241472,0.5757575757575758
2024-06-28,NVDA,2023-12-29,2023-01-29,2023-02-24,22101000000.0,2470000128.0,2023-12-26,49.52199935913086,122319344755.86914,0.18068278606389074,,0.18068278606389074,0.6
2024-06-28,META,2023-12-29,2023-12-31,2024-02-02,153168000000.0,2569860096.0,2023-12-29,353.9599914550781,909627657620.9062,0.16838538133350586,,0.16838538133350586,0.5714285714285714
2024-06-28,GOOGL,2023-12-29,2023-12-31,2024-01-31,283379000000.0,12558900224.0,2023-12-29,139.69000244140625,1754352802951.9375,0.16152908327400067,,0.16152908327400067,0.5428571428571428
2024-06-28,MSFT,2023-12-29,2023-06-30,2023-07-27,206223000000.0,7432260096.0,2023-12-27,376.0400085449219,2794827150007.922,0.0737873896778967,,0.0737873896778967,0.17142857142857143
2024-06-28,TSLA,2023-12-29,2023-12-31,2024-01-29,62634000000.0,3178919936.0,2023-12-28,248.47999572753906,789898012115.4688,0.07929378101896532,,0.07929378101896532,0.22857142857142856
2024-06-28,ORCL,2023-12-29,2023-05-31,2023-06-20,1073000000.0,2748920064.0,2023-12-22,105.43000030517578,289818643186.4238,0.0037023153107158817,,0.013485256714101557,0.04285714285714286
2024-06-28,AMD,2023-12-29,2023-12-30,2024-01-31,55892000000.0,1615500032.0,2023-12-29,147.41000366210938,238140865633.2578,0.23470142283800594,,0.23470142283800594,0.7428571428571429
2024-06-28,INTC,2023-12-29,2023-12-30,2024-01-26,105590000000.0,4216000000.0,2023-12-22,50.25,211854000000.0,0.49840928186392514,,0.49840928186392514,0.8285714285714286
2024-06-28,SMCI,2023-12-29,2023-06-30,2023-08-28,1972005000.0,55853200.0,2023-12-29,28.426000595092773,1587683096.4378357,1.2420646188300664,,0.881424533413155,0.9857142857142858
2024-06-28,MU,2023-12-29,2023-08-31,2023-10-06,44120000000.0,1103910016.0,2023-12-29,85.33999633789062,94207676722.80078,0.46832701468501214,,0.46832701468501214,0.8
2024-06-28,RKLB,2023-12-29,2023-12-31,2024-02-28,554544000.0,485887008.0,2023-12-29,5.53000020980835,2686955256.1831512,0.20638378652711012,,0.20638378652711012,0.6285714285714286
2024-06-28,WDC,2023-12-29,2023-06-30,2023-08-22,10847000000.0,324243008.0,2023-12-27,39.58427810668945,12834925402.821533,0.8451159363665236,,0.8451159363665236,0.9428571428571428
2024-06-28,STX,2023-12-29,2023-06-30,2023-08-04,-1199000000.0,209184000.0,2023-12-29,85.37000274658203,17858038654.541016,-0.06714063191341078,negative book equity,,
2024-06-28,CRWD,2023-12-29,2023-01-31,2023-03-09,1463641000.0,240144992.0,2023-12-29,63.83000183105469,15328455279.078613,0.09548522492006636,,0.09548522492006636,0.34285714285714286
2024-06-28,PLTR,2023-12-29,2023-12-31,2024-02-20,3475561000.0,2175990016.0,2023-12-29,17.170000076293945,37361748740.73486,0.09302458041024875,,0.09302458041024875,0.3142857142857143
2024-06-28,AAPL,2023-12-29,2023-09-30,2023-11-03,62146000000.0,15552799744.0,2023-12-26,192.52999877929688,2994380515726.9688,0.020754209317619853,,0.020754209317619853,0.11428571428571428
2024-06-28,AMZN,2023-12-29,2023-12-31,2024-02-02,201875000000.0,10334000128.0,2023-12-29,151.94000244140625,1570148004677.8125,0.12857068212586995,,0.12857068212586995,0.42857142857142855
2024-06-28,AVGO,2023-12-29,,,,468140992.0,2023-12-29,111.625,52256238232.0,,no FY t-1 report,,
2024-06-28,CSCO,2023-12-29,2023-07-29,2023-09-07,44353000000.0,4063480064.0,2023-12-27,50.52000045776367,205287014693.39355,0.2160536070254781,,0.2160536070254781,0.6571428571428571
2024-06-28,ADBE,2023-12-29,2023-12-01,2024-01-17,16518000000.0,455300000.0,2023-12-26,596.5999755859375,271631968884.27734,0.0608102207845687,,0.0608102207845687,0.14285714285714285
2024-06-28,CRM,2023-12-29,2023-01-31,2023-03-08,58359000000.0,968000000.0,2023-12-27,263.1400146484375,254719534179.6875,0.22911081471604627,,0.22911081471604627,0.7142857142857143
2024-06-28,NFLX,2023-12-29,2023-12-31,2024-01-26,20588313000.0,437680000.0,2023-12-29,48.6879997253418,21309763719.787598,0.9661445931886293,,0.881424533413155,0.9857142857142858
2024-06-28,QCOM,2023-12-29,,,,1112999936.0,2023-12-22,144.6300048828125,160973186178.25,,no FY t-1 report,,
2024-06-28,TXN,2023-12-29,2023-12-31,2024-02-02,16897000000.0,908204032.0,2023-12-29,170.4600067138672,154812465392.28125,0.10914495778608317,,0.10914495778608317,0.37142857142857144
2024-06-28,TSM,2023-12-29,,,,5186409984.0,2023-12-22,104.0,539386638336.0,,foreign currency,,
2024-06-28,JPM,2023-12-29,2023-12-31,2024-02-16,327878000000.0,2891010048.0,2023-12-28,170.10000610351562,491760826810.125,0.6667428191196648,bank,,
2024-06-28,BAC,2023-12-29,2023-12-31,2024-02-20,291646000000.0,7913730048.0,2023-12-29,33.66999816894531,266455276225.6875,1.0945401574745923,bank,,
2024-06-28,WFC,2023-12-29,2023-12-31,2024-02-20,185735000000.0,3631640064.0,2023-12-26,49.220001220703125,178749328383.23438,1.0390808272117729,bank,,
2024-06-28,V,2023-12-29,,,,2055190016.0,2023-12-26,260.3500061035156,535068733209.4844,,no FY t-1 report,,
2024-06-28,MA,2023-12-29,2023-12-31,2024-02-13,6929000000.0,937776000.0,2023-12-26,426.510009765625,399970850917.96875,0.017323762429430362,,0.017323762429430362,0.08571428571428572
2024-06-28,JNJ,2023-12-29,,,,2407280128.0,2023-12-29,156.74000549316406,377317100486.3047,,no FY t-1 report,,
2024-06-28,PFE,2023-12-29,2023-12-31,2024-02-22,89014000000.0,5646410240.0,2023-12-29,28.790000915527344,162560155979.04297,0.5475757541194508,,0.5475757541194508,0.8857142857142857
2024-06-28,MRK,2023-12-29,2023-12-31,2024-02-26,37581000000.0,2534020096.0,2023-12-29,109.0199966430664,276258862359.3828,0.13603545485940355,,0.13603545485940355,0.4857142857142857
2024-06-28,UNH,2023-12-29,,,,924924992.0,2023-12-29,526.469970703125,486945233440.8281,,no FY t-1 report,,
2024-06-28,ABT,2023-12-29,,,,1736060032.0,2023-12-22,110.06999969482422,191088127192.43652,,no FY t-1 report,,
2024-06-28,PG,2023-12-29,2023-06-30,2023-08-04,47065000000.0,2356890112.0,2023-12-29,146.5399932861328,345378661188.6328,0.1362707233794472,,0.1362707233794472,0.5142857142857142
2024-06-28,KO,2023-12-29,,,,4323409920.0,2023-12-29,58.93000030517578,254778547905.0,,no FY t-1 report,,
2024-06-28,PEP,2023-12-29,2023-12-30,2024-02-09,18503000000.0,1374860032.0,2023-12-29,169.83999633789062,233506222799.9922,0.07923985827070909,,0.07923985827070909,0.2
2024-06-28,WMT,2023-12-29,2023-01-31,2023-03-17,76693000000.0,2692229888.0,2023-12-28,52.54999923706055,141476678560.3916,0.5420893449040249,,0.5420893449040249,0.8571428571428571
2024-06-28,COST,2023-12-29,2023-09-03,2023-10-11,25058000000.0,443728000.0,2023-12-29,660.0800170898438,292895985823.2422,0.08555255521706631,,0.08555255521706631,0.2857142857142857
2024-06-28,HD,2023-12-29,2023-01-29,2023-03-15,1562000000.0,995262016.0,2023-12-29,346.54998779296875,344908039495.60547,0.0045287433783343335,,0.013485256714101557,0.04285714285714286
2024-06-28,NKE,2023-12-29,2023-05-31,2023-07-20,14004000000.0,1521910016.0,2023-12-26,108.56999969482422,165233769972.66992,0.08475265075847568,,0.08475265075847568,0.2571428571428571
2024-06-28,MCD,2023-12-29,2023-12-31,2024-02-22,-4706700000.0,725342016.0,2023-12-29,296.510009765625,215071168247.57812,-0.021884383845359994,negative book equity,,
2024-06-28,ASML,2023-12-29,,,,394590016.0,2023-12-27,756.9199829101562,298673068167.2383,,foreign currency,,
2024-06-28,XOM,2023-12-29,,,,3996770048.0,2023-12-29,99.9800033569336,399597082815.93164,,no FY t-1 report,,
2024-06-28,CVX,2023-12-29,2023-12-31,2024-02-26,160957000000.0,1887750016.0,2023-12-28,149.16000366210938,281576799299.70703,0.5716273514021987,,0.5716273514021987,0.9142857142857143
2024-06-28,HON,2023-12-29,2023-12-31,2024-02-16,15856000000.0,659251008.0,2023-12-29,207.29225158691406,136657625809.2627,0.11602718769701673,,0.11602718769701673,0.4
2024-06-28,CAT,2023-12-29,2023-12-31,2024-02-16,19503000000.0,509084992.0,2023-12-29,295.6700134277344,150521166420.49805,0.1295698170815136,,0.1295698170815136,0.45714285714285713
2024-06-28,GE,2023-12-29,2023-12-31,2024-02-02,27378000000.0,1088390016.0,2023-12-28,101.85953521728516,110862901164.89355,0.24695366720810358,,0.24695366720810358,0.7714285714285715
2024-06-28,TMO,2023-12-29,2023-12-31,2024-02-22,46735000000.0,386372000.0,2023-12-27,530.7899780273438,205082385390.38086,0.22788402773372485,,0.22788402773372485,0.6857142857142857
2025-06-30,NVDA,2024-12-31,2024-01-28,2024-02-21,42978000000.0,25413099520.0,2024-12-14,134.2899932861328,3412724963920.625,0.012593455509706761,,0.013170709397155336,0.04285714285714286
2025-06-30,META,2024-12-31,2024-12-31,2025-01-30,182637000000.0,2524489984.0,2024-12-25,585.510009765625,1478114155185.0625,0.12356082198342355,,0.12356082198342355,0.5142857142857142
2025-06-30,GOOGL,2024-12-31,2024-12-31,2025-02-05,325084000000.0,12282999808.0,2024-12-31,189.3000030517578,2325171901139.1406,0.13981073822573545,,0.13981073822573545,0.6571428571428571
2025-06-30,MSFT,2024-12-31,2024-06-30,2024-07-30,268477000000.0,7434880000.0,2024-12-24,421.5,3133801920000.0,0.08567133687887969,,0.08567133687887969,0.3142857142857143
2025-06-30,TSLA,2024-12-31,2024-12-31,2025-01-30,72913000000.0,3210060032.0,2024-12-31,403.8399963378906,1296350631567.289,0.05624481388329955,,0.05624481388329955,0.22857142857142856
2025-06-30,ORCL,2024-12-31,2024-05-31,2024-06-20,8704000000.0,2796960000.0,2024-12-14,166.63999938964844,466085412692.8711,0.01867468872220538,,0.01867468872220538,0.14285714285714285
2025-06-30,AMD,2024-12-31,2024-12-28,2025-02-05,57568000000.0,1622809984.0,2024-12-31,120.79000091552734,196019219453.0869,0.29368548737527084,,0.29368548737527084,0.8
2025-06-30,INTC,2024-12-31,2024-12-28,2025-01-31,99270000000.0,4312999936.0,2024-12-11,20.049999237060547,86475645426.24219,1.147953270665907,,0.6628869905666078,0.9857142857142858
2025-06-30,SMCI,2024-12-31,2024-06-30,2025-02-25,5417206000.0,585564992.0,2024-12-14,30.479999542236328,17848020688.10962,0.30351858587932673,,0.30351858587932673,0.8285714285714286
2025-06-30,MU,2024-12-31,2024-08-29,2024-10-04,45131000000.0,1114169984.0,2024-12-31,84.16000366210938,93768549933.65234,0.4813021000317619,,0.4813021000317619,0.8571428571428571
2025-06-30,RKLB,2024-12-31,2024-12-31,2025-02-27,382453000.0,499911008.0,2024-12-31,25.469999313354492,12732733030.498352,0.03003699198623903,,0.03003699198623903,0.2
2025-06-30,WDC,2024-12-31,2024-06-28,2024-08-20,10818000000.0,345708000.0,2024-12-31,45.071807861328125,15581684552.124023,0.6942766659029392,,0.6628869905666078,0.9857142857142858
2025-06-30,STX,2024-12-31,2024-06-28,2024-08-02,-1491000000.0,211530000.0,2024-12-27,86.30999755859375,18257153783.569336,-0.08166661779131404,negative book equity,,
2025-06-30,CRWD,2024-12-31,2024-01-31,2024-03-07,2303950000.0,246311008.0,2024-12-27,85.54000091552734,21069443849.824463,0.10935029972417593,,0.10935029972417593,0.42857142857142855
2025-06-30,PLTR,2024-12-31,2024-12-31,2025-02-18,5003275000.0,2278020096.0,2024-12-14,75.62999725341797,172286653603.71094,0.02904040966230847,,0.02904040966230847,0.17142857142857143
2025-06-30,AAPL,2024-12-31,2024-09-28,2024-11-01,56950000000.0,15115799552.0,2024-12-28,250.4199981689453,3785298496133.9844,0.015045048642310347,,0.015045048642310347,0.11428571428571428
2025-06-30,AMZN,2024-12-31,2024-12-31,2025-02-07,285970000000.0,10515000320.0,2024-12-17,219.38999938964844,2306885913786.953,0.12396365086410167,,0.12396365086410167,0.5428571428571428
2025-06-30,AVGO,2024-12-31,,,,4687360000.0,2024-12-25,231.83999633789062,1086717525234.375,,no FY t-1 report,,
2025-06-30,CSCO,2024-12-31,2024-07-27,2024-09-05,45457000000.0,3998360064.0,2024-12-11,59.20000076293945,236702918839.30664,0.19204241427567667,,0.19204241427567667,0.7428571428571429
2025-06-30,ADBE,2024-12-31,2024-11-29,2025-01-13,14105000000.0,444168000.0,2024-12-17,444.67999267578125,197512622986.8164,0.07141315722864701,,0.07141315722864701,0.2857142857142857
2025-06-30,CRM,2024-12-31,2024-01-31,2024-03-06,59646000000.0,957000000.0,2024-12-14,334.3299865722656,319953797149.6582,0.18642066614418273,,0.18642066614418273,0.7142857142857143
2025-06-30,NFLX,2024-12-31,2024-12-31,2025-01-27,24743567000.0,427457984.0,2024-12-31,89.13200378417969,38100186647.46582,0.649434272565323,,0.649434272565323,0.9428571428571428
2025-06-30,QCOM,2024-12-31,,,,1120109952.0,2024-12-14,153.6199951171875,172071285356.95312,,no FY t-1 report,,
2025-06-30,TXN,2024-12-31,2024-12-31,2025-02-14,16903000000.0,912217024.0,2024-12-31,187.50999450683594,171049809159.28223,0.09881916900743141,,0.09881916900743141,0.37142857142857144
2025-06-30,TSM,2024-12-31,,,,5186549760.0,2024-11-19,197.49000549316406,1024291740592.9688,,foreign currency,,
2025-06-30,JPM,2024-12-31,2024-12-31,2025-02-14,344758000000.0,2815340032.0,2024-12-31,239.7100067138672,674865177972.5391,0.510854628824883,bank,,
2025-06-30,BAC,2024-12-31,2024-12-31,2025-02-25,295559000000.0,7672880128.0,2024-12-31,43.95000076293945,337223087479.54297,0.8764494809921031,bank,,
2025-06-30,WFC,2024-12-31,2024-12-31,2025-02-25,179120000000.0,3329489920.0,2024-12-28,70.23999786376953,233863364868.2422,0.7659173128758991,bank,,
2025-06-30,V,2024-12-31,,,,1936470016.0,2024-12-14,316.0400085449219,612002000403.625,,no FY t-1 report,,
2025-06-30,MA,2024-12-31,2024-12-31,2025-02-12,6485000000.0,917830976.0,2024-12-14,526.5700073242188,483302263754.71484,0.013418103920347582,,0.013418103920347582,0.08571428571428572
2025-06-30,JNJ,2024-12-31,,,,2407620096.0,2024-12-31,144.6199951171875,348190006527.5625,,no FY t-1 report,,
2025-06-30,PFE,2024-12-31,2024-12-31,2025-02-27,88203000000.0,5666990080.0,2024-12-20,26.530000686645508,150345250713.61328,0.5866696791640889,,0.5866696791640889,0.8857142857142857
2025-06-30,MRK,2024-12-31,2024-12-31,2025-02-25,46313000000.0,2529639936.0,2024-12-28,99.4800033569336,251648589325.11328,0.18403838513144485,,0.18403838513144485,0.6857142857142857
2025-06-30,UNH,2024-12-31,,,,920284032.0,2024-12-31,505.8599853515625,465534866946.7969,,no FY t-1 report,,
2025-06-30,ABT,2024-12-31,,,,1734460032.0,2024-12-31,113.11000061035156,196184775278.1504,,no FY t-1 report,,
2025-06-30,PG,2024-12-31,2024-06-30,2024-08-05,50559000000.0,2355040000.0,2024-12-31,167.64999389648438,394822441625.97656,0.12805503099516208,,0.12805503099516208,0.5714285714285714
2025-06-30,KO,2024-12-31,,,,4307800064.0,2024-12-28,62.2599983215332,268203624754.14062,,no FY t-1 report,,
2025-06-30,PEP,2024-12-31,2024-12-28,2025-02-04,18041000000.0,1371990016.0,2024-12-24,152.05999755859375,208624798483.375,0.08647581750180892,,0.08647581750180892,0.34285714285714286
2025-06-30,WMT,2024-12-31,2024-01-31,2024-03-15,83861000000.0,8093899776.0,2024-12-14,90.3499984741211,731283832411.2891,0.11467640372067579,,0.11467640372067579,0.4857142857142857
2025-06-30,COST,2024-12-31,2024-09-01,2024-10-09,23622000000.0,443899008.0,2024-12-31,916.27001953125,406731352730.0625,0.05807764717778552,,0.05807764717778552,0.2571428571428571
2025-06-30,HD,2024-12-31,2024-01-28,2024-03-13,1044000000.0,993363008.0,2024-12-28,388.989990234375,386408266781.1094,0.002701805550633832,,0.013170709397155336,0.04285714285714286
2025-06-30,NKE,2024-12-31,2024-05-31,2024-07-25,14430000000.0,1488499968.0,2024-12-20,75.66999816894531,112634789853.03516,0.12811317017440288,,0.12811317017440288,0.6
2025-06-30,MCD,2024-12-31,2024-12-31,2025-02-25,-3797000000.0,716620032.0,2024-12-31,289.8900146484375,207740991573.84375,-0.018277567519216907,negative book equity,,
2025-06-30,ASML,2024-12-31,,,,403166016.0,2024-12-31,693.0800170898438,279426309259.3242,,foreign currency,,
2025-06-30,XOM,2024-12-31,,,,4395089920.0,2024-12-28,107.56999969482422,472779821353.125,,no FY t-1 report,,
2025-06-30,CVX,2024-12-31,2024-12-31,2025-02-21,152318000000.0,1782919936.0,2024-12-14,144.83999633789062,258238117000.9922,0.5898354656892684,,0.5898354656892684,0.9142857142857143
2025-06-30,HON,2024-12-31,2024-12-31,2025-02-14,18619000000.0,650246976.0,2024-12-31,223.28570556640625,145190854828.58203,0.12823810440390557,,0.12823810440390557,0.6285714285714286
2025-06-30,CAT,2024-12-31,2024-12-31,2025-02-14,19494000000.0,482801984.0,2024-12-27,362.760009765625,175141252430.70312,0.11130444558007857,,0.11130444558007857,0.45714285714285713
2025-06-30,GE,2024-12-31,2024-12-31,2025-02-03,19342000000.0,1082290048.0,2024-12-28,166.7899932861328,180515149839.56836,0.10714890144782903,,0.10714890144782903,0.4
2025-06-30,TMO,2024-12-31,2024-12-31,2025-02-20,49584000000.0,382500000.0,2024-12-24,520.22998046875,198987967529.29688,0.24918089578808214,,0.24918089578808214,0.7714285714285715
2026-06-30,NVDA,2025-12-31,2025-01-26,2025-02-26,79327000000.0,24347000000.0,2025-12-03,186.5,4540715500000.0,0.017470154208075798,,0.017470154208075798,0.08571428571428572
2026-06-30,META,2025-12-31,2025-12-31,2026-01-29,217243000000.0,2520527597.0,2025-11-17,660.0900268554688,1663775129193.6802,0.13057233287606784,,0.13057233287606784,0.6285714285714286
2026-06-30,GOOGL,2025-12-31,2025-12-31,2026-02-05,415265000000.0,12112122294.0,2025-11-17,313.0,3791094278022.0,0.10953697522306519,,0.10953697522306519,0.5714285714285714
2026-06-30,MSFT,2025-12-31,2025-06-30,2025-07-30,343479000000.0,7433166379.0,2025-11-17,483.6199951171875,3594827887917.222,0.09554810708865549,,0.09554810708865549,0.42857142857142855
2026-06-30,TSLA,2025-12-31,2025-12-31,2026-01-29,82137000000.0,3325819167.0,2025-11-17,449.7200012207031,1495687399843.078,0.05491588684147337,,0.05491588684147337,0.22857142857142856
2026-06-30,ORCL,2025-12-31,2025-05-31,2025-06-18,20451000000.0,2873130000.0,2025-12-13,194.91000366210938,560001778821.7163,0.03651952685405815,,0.03651952685405815,0.17142857142857143
2026-06-30,AMD,2025-12-31,2025-12-27,2026-02-04,62999000000.0,1628041540.0,2025-11-17,214.16000366210938,348661382168.4662,0.18068820701674426,,0.18068820701674426,0.8
2026-06-30,INTC,2025-12-31,2025-12-27,2026-01-23,114281000000.0,4770000000.0,2025-11-17,36.900001525878906,176013007278.44238,0.6492758789082791,,0.6082661655311474,0.9857142857142858
2026-06-30,SMCI,2025-12-31,2025-06-30,2025-08-28,6301693000.0,596971133.0,2025-11-17,29.270000457763672,17473345336.181698,0.3606460513861197,,0.3606460513861197,0.9142857142857143
2026-06-30,MU,2025-12-31,2025-08-28,2025-10-03,54165000000.0,1125509261.0,2025-12-19,285.4100036621094,321231602303.74805,0.1686166604143232,,0.1686166604143232,0.7714285714285715
2026-06-30,RKLB,2025-12-31,2025-12-31,2026-02-26,1721854000.0,534156333.0,2025-11-17,69.76000213623047,37262746931.16103,0.046208455946120726,,0.046208455946120726,0.2
2026-06-30,WDC,2025-12-31,2025-06-27,2025-08-14,5311000000.0,342795534.0,2025-11-17,172.27000427246094,59053388106.76053,0.08993556797111169,,0.08993556797111169,0.4
2026-06-30,STX,2025-12-31,2025-06-27,2025-08-01,-453000000.0,217872054.0,2025-11-17,275.3900146484375,59999788142.545166,-0.007550026658823865,negative book equity,,
2026-06-30,CRWD,2025-12-31,2025-01-31,2025-03-10,3279494000.0,252098440.0,2025-12-09,117.19000244140625,29543416799.074707,0.11100591452586192,,0.11100591452586192,0.6
2026-06-30,PLTR,2025-12-31,2025-12-31,2026-02-17,7387268000.0,2383436338.0,2025-11-17,177.75,423655809079.5,0.017436956703250968,,0.017460194956628348,0.04285714285714286
2026-06-30,AAPL,2025-12-31,2025-09-27,2025-10-31,73733000000.0,14840390000.0,2025-11-17,271.8599853515625,4034508208011.4746,0.01827558557287989,,0.01827558557287989,0.11428571428571428
2026-06-30,AMZN,2025-12-31,2025-12-31,2026-02-06,411065000000.0,10690216011.0,2025-11-17,230.82000732421875,2467515737956.5005,0.16659062946460795,,0.16659062946460795,0.7428571428571429
2026-06-30,AVGO,2025-12-31,,,,4741273799.0,2025-12-20,346.1000061035156,1640954890772.3386,,no FY t-1 report,,
2026-06-30,CSCO,2025-12-31,2025-07-26,2025-09-03,46843000000.0,3951094563.0,2025-11-20,77.02999877929688,304352809364.7765,0.15391019421758378,,0.15391019421758378,0.6857142857142857
2026-06-30,ADBE,2025-12-31,2025-11-28,2026-01-15,11623000000.0,424200000.0,2025-11-17,349.989990234375,148465753857.42188,0.07828741442394906,,0.07828741442394906,0.34285714285714286
2026-06-30,CRM,2025-12-31,2025-01-31,2025-03-05,61173000000.0,952000000.0,2025-12-09,264.9100036621094,252194323486.32812,0.24256295365552227,,0.24256295365552227,0.8571428571428571
2026-06-30,NFLX,2025-12-31,2025-12-31,2026-01-23,26615488000.0,4237323341.0,2025-12-03,93.76000213623047,397291445504.0592,0.06699235108430761,,0.06699235108430761,0.2857142857142857
2026-06-30,QCOM,2025-12-31,,,,1079000000.0,2025-11-17,171.0500030517578,184562953292.84668,,no FY t-1 report,,
2026-06-30,TXN,2025-12-31,2025-12-31,2026-02-06,16273000000.0,909137170.0,2025-11-17,173.49000549316406,157726212617.33963,0.10317245136342688,,0.10317245136342688,0.5142857142857142
2026-06-30,TSM,2025-12-31,,,,5186504904.0,2025-11-27,303.8900146484375,1576127051250.753,,foreign currency,,
2026-06-30,JPM,2025-12-31,2025-12-31,2026-02-13,362438000000.0,2749753854.0,2025-11-17,322.2200012207031,886025690192.5132,0.40906037377003196,bank,,
2026-06-30,BAC,2025-12-31,2025-12-31,2026-02-25,303243000000.0,7406947312.0,2025-11-17,55.0,407382102160.0,0.7443699622348672,bank,,
2026-06-30,WFC,2025-12-31,2025-12-31,2026-02-24,181117000000.0,3203441210.0,2025-11-17,93.19999694824219,298560710995.8733,0.606633737560008,bank,,
2026-06-30,V,2025-12-31,,,,1929897163.0,2025-12-10,350.7099914550781,676834217544.9095,,no FY t-1 report,,
2026-06-30,MA,2025-12-31,2025-12-31,2026-02-11,7737000000.0,904011837.0,2025-11-17,570.8800048828125,516082281920.6803,0.01499179543852107,,0.017460194956628348,0.04285714285714286
2026-06-30,JNJ,2025-12-31,,,,2409295102.0,2025-11-17,206.9499969482422,498603614006.3148,,no FY t-1 report,,
2026-06-30,PFE,2025-12-31,2025-12-31,2026-02-26,86476000000.0,5685707552.0,2025-11-17,24.899999618530273,141574115875.8747,0.6108178706608908,,0.6082661655311474,0.9857142857142858
2026-06-30,MRK,2025-12-31,2025-12-31,2026-02-24,52606000000.0,2497783212.0,2025-11-17,105.26000213623047,262916666230.9606,0.20008621269291452,,0.20008621269291452,0.8285714285714286
2026-06-30,UNH,2025-12-31,,,,905838620.0,2025-11-17,330.1099853515625,299026373579.0796,,no FY t-1 report,,
2026-06-30,ABT,2025-12-31,,,,1740459014.0,2025-11-17,125.29000091552734,218062111457.4978,,no FY t-1 report,,
2026-06-30,PG,2025-12-31,2025-06-30,2025-08-04,52284000000.0,2340485262.0,2025-11-17,143.30999755859375,335414937183.14465,0.15587856771999298,,0.15587856771999298,0.7142857142857143
2026-06-30,KO,2025-12-31,,,,4303667252.0,2025-11-17,69.91000366210938,300869393347.8202,,no FY t-1 report,,
2026-06-30,PEP,2025-12-31,2025-12-27,2026-02-03,20406000000.0,1369077204.0,2025-11-17,143.52000427246094,196489966167.40887,0.10385263124639224,,0.10385263124639224,0.5428571428571428
2026-06-30,WMT,2025-12-31,2025-01-31,2025-03-14,91013000000.0,7972851122.0,2025-12-05,111.41000366210938,888255372699.4729,0.10246265071654433,,0.10246265071654433,0.4857142857142857
2026-06-30,COST,2025-12-31,2025-08-31,2025-10-08,29164000000.0,443957683.0,2025-12-19,862.3400268554688,382842480280.9117,0.07617754429602702,,0.07617754429602702,0.3142857142857143
2026-06-30,HD,2025-12-31,2025-02-02,2025-03-21,6640000000.0,995511485.0,2025-11-26,344.1000061035156,342555508064.6199,0.01938371984591597,,0.01938371984591597,0.14285714285714285
2026-06-30,NKE,2025-12-31,2025-05-31,2025-07-17,13213000000.0,1478201363.0,2025-11-17,63.709999084472656,94176207483.39624,0.1403008291911683,,0.1403008291911683,0.6571428571428571
2026-06-30,MCD,2025-12-31,2025-12-31,2026-02-24,-1791000000.0,713604434.0,2025-11-17,305.6300048828125,218098926647.81665,-0.008211869849740636,negative book equity,,
2026-06-30,ASML,2025-12-31,,,,388147674.0,2025-11-17,1069.8599853515625,415263664819.88306,,foreign currency,,
2026-06-30,XOM,2025-12-31,,,,4263247022.0,2025-11-28,120.33999633789062,513039131015.0031,,no FY t-1 report,,
2026-06-30,CVX,2025-12-31,2025-12-31,2026-02-24,186450000000.0,2014822376.0,2025-11-17,152.41000366210938,307079085704.6599,0.6071725776184003,,0.6071725776184003,0.9428571428571428
2026-06-30,HON,2025-12-31,2025-12-31,2026-02-17,13904000000.0,673869690.0,2025-11-17,204.60409545898438,137876498379.6762,0.10084387233067076,,0.10084387233067076,0.45714285714285713
2026-06-30,CAT,2025-12-31,2025-12-31,2026-02-13,21318000000.0,468478923.0,2025-11-28,572.8699951171875,268377518331.51526,0.07943288294985569,,0.07943288294985569,0.37142857142857144
2026-06-30,GE,2025-12-31,2025-12-31,2026-01-29,18677000000.0,1060439387.0,2025-11-17,308.0299987792969,326647143083.1283,0.05717790709483382,,0.05717790709483382,0.2571428571428571
2026-06-30,TMO,2025-12-31,2025-12-31,2026-02-26,53407000000.0,375708059.0,2025-11-17,579.4500122070312,217704039373.83002,0.24531928830356833,,0.24531928830356833,0.8857142857142857
