,,annualized_return,annualized_volatility,sharpe_ratio,max_drawdown,hit_rate,avg_monthly,t_stat,n_months
Value,Q1,0.2240440429912398,0.28310099275692024,0.7913926433441063,-0.43611248270265435,0.6451612903225806,0.018670336915936652,1.7988594439308077,62.0
Value,Q2,0.16841910769028662,0.21693582571982717,0.7763545146655494,-0.29086257724498965,0.5483870967741935,0.014034925640857218,1.7646773220473386,62.0
Value,Q3,0.15127023516986485,0.17422584761265342,0.8682422111452458,-0.1634378199303107,0.6290322580645161,0.012605852930822071,1.97354083876527,62.0
Value,Q4,0.2670817736061318,0.2300280418064554,1.161083542287654,-0.25057423178677896,0.5967741935483871,0.022256814467177647,2.639178052516497,62.0
Value,Q5,0.42000811684086364,0.29972509858872076,1.4013111308278985,-0.20936467296291095,0.6290322580645161,0.035000676403405304,3.1852226360399327,62.0
Value,long_short,0.1959640738496239,0.2638517664592543,0.7427051805616239,-0.3886191472506463,0.5645161290322581,0.01633033948746866,1.6881913666320194,62.0
Momentum,Q1,0.30757974760238105,0.27305601131785867,1.1264346319200205,-0.30064280092383255,0.6612903225806451,0.025631645633531756,2.5604200299837703,62.0
Momentum,Q2,0.07671629809134384,0.20677767274633335,0.37100861554553016,-0.3993524203121811,0.532258064516129,0.006393024840945319,0.843313818326185,62.0
Momentum,Q3,0.16910292127826837,0.17232498871813395,0.9813023783501543,-0.31205389671788686,0.6290322580645161,0.014091910106522365,2.230530022603961,62.0
Momentum,Q4,0.18040381154079083,0.19102274430134875,0.9444101130501718,-0.23052512654457458,0.5967741935483871,0.01503365096173257,2.146672786374866,62.0
Momentum,Q5,0.4937896206979632,0.3830371215662978,1.2891429913601622,-0.23058234218323992,0.5645161290322581,0.0411491350581636,2.93026105826096,62.0
Momentum,long_short,0.18620987309558226,0.38531297333041753,0.4832691499746147,-0.42659457189609773,0.5483870967741935,0.015517489424631855,1.0984854126502837,62.0
