return_date,formation_date,Q1,Q2,Q3,Q4,Q5,long_short,n_Q1,n_Q2,n_Q3,n_Q4,n_Q5
2021-07-30,2021-06-30,0.006016350947667133,0.05554809711107639,0.03999259130498002,0.03241037423876135,-0.02333398653913206,-0.029350337486799192,9,8,8,8,8
2021-08-31,2021-07-30,0.0604155945348961,0.020855638999797407,0.008627057665313964,0.04764148426757325,-0.010616638629627445,-0.07103223316452355,9,8,8,8,8
2021-09-30,2021-08-31,-0.05108806095211021,-0.04972715682400246,-0.039882047592193604,-0.04665792412090143,-0.014642101544226196,0.03644595940788401,9,8,8,8,8
2021-10-29,2021-09-30,0.1370101485593463,0.07655023363792127,0.07319996160351586,0.09626839279091023,0.005851337470395637,-0.13115881108895067,9,8,8,8,8
2021-11-30,2021-10-29,0.024058291869296682,0.03288348687619659,-0.0020439393521723415,-0.03522835085989344,0.07319032487994961,0.04913203301065293,9,8,8,8,8
2021-12-31,2021-11-30,-0.021659390167432607,-0.015374845095097733,0.09887256645026551,0.05979227111732051,0.06281697805817925,0.08447636822561186,9,8,8,8,8
2022-01-31,2021-12-31,-0.11404301817149617,-0.06333611187285862,-0.026727573791491738,-0.07496964763834288,-0.024218938185145908,0.08982407998635027,9,8,8,8,8
2022-02-28,2022-01-31,-0.04730449782716301,-0.03397280085388399,-0.022382920659559033,-0.038561422331961956,0.009047002488533865,0.05635150031569688,9,8,8,8,8
2022-03-31,2022-02-28,0.06182442457522794,0.02218010296440609,0.029178004666561633,0.059300751223777176,0.01310972106228929,-0.04871470351293865,9,8,8,8,8
2022-04-29,2022-03-31,-0.1788233037546341,-0.11008881634213327,-0.011221028044336723,-0.07419275261291428,-0.039010169283909824,0.13981313447072427,9,8,8,8,8
2022-05-31,2022-04-29,-0.059667842782335376,0.023942968902037273,-0.012256479675890775,-0.03315310860650557,0.10551629070435897,0.16518413348669436,9,8,8,8,8
2022-06-30,2022-05-31,-0.08410092246104663,-0.09661969895140768,-0.052282092029691474,-0.04649993947286085,-0.16759053362597104,-0.08348961116492441,9,8,8,8,8
2022-07-29,2022-06-30,0.16601818710127134,0.13523593151215949,0.11349431657336068,0.05400168127933341,0.1118299031344737,-0.05418828396679763,9,8,9,8,9
2022-08-31,2022-07-29,-0.07870895180058579,-0.07797098313083252,-0.02388802169895569,-0.06701432979948745,-0.0295188707019652,0.049190081098620594,9,8,9,8,9
2022-09-30,2022-08-31,-0.13823034549055294,-0.09627737089951661,-0.116150502862673,-0.052200378986712856,-0.11973434078346767,0.018496004707085262,9,8,9,8,9
2022-10-31,2022-09-30,0.05026126106979115,0.10092464672733223,0.08675119248078106,0.12308872639534446,0.1612410763939025,0.11097981532411136,9,8,9,8,9
2022-11-30,2022-10-31,0.04622839984383628,0.055945856671695146,0.04876633197298,0.05676439831663918,0.08881796397062741,0.04258956412679113,9,8,9,8,9
2022-12-30,2022-11-30,-0.10607684181548144,-0.06220138832481156,-0.05201891188948988,-0.027443716796635445,-0.06471221483709533,0.04136462697838611,9,8,9,8,9
2023-01-31,2022-12-30,0.16534491097388304,0.11397831276199885,0.08700199010416924,0.02958449509099835,0.07620501764903352,-0.08913989332484952,9,8,9,8,9
2023-02-28,2023-01-31,0.044258371533369374,-0.04679476850491204,-0.052125127823246374,-0.040556526885213176,-0.00803125465648887,-0.052289626189858246,9,8,9,8,9
2023-03-31,2023-02-28,0.09251712015076403,0.0817583202827758,0.052486824126643086,0.04154503359791824,0.06779183620331819,-0.024725283947445845,9,8,9,8,9
2023-04-28,2023-03-31,-0.04614793237777391,-0.009209867330003771,0.007977154540860516,0.013341017318434803,0.0053248807645735535,0.051472813142347466,9,8,9,8,9
2023-05-31,2023-04-28,0.15096693466488978,0.13199604121819714,0.061194854208872745,-0.017752778987694062,0.12094749622327426,-0.030019438441615517,9,8,9,8,9
2023-06-30,2023-05-31,0.07947693910335116,0.0676232285999877,0.0799237690759882,0.0486224887729209,0.03249950609755513,-0.04697743300579603,9,8,9,8,9
2023-07-31,2023-06-30,0.032238843205267154,0.028488695355696772,0.023109632855469117,0.1290571080435472,0.06504245518623834,0.03280361198097119,9,8,8,8,9
2023-08-31,2023-07-31,0.0069207917073498765,-0.007162249526636522,-0.03251809103773767,-0.05131445220554498,-0.010990388485200397,-0.017911180192550273,9,8,8,8,9
2023-09-29,2023-08-31,-0.05606438345455933,-0.04023236164120521,-0.04697145990475221,-0.06402943295873896,-0.0031266087043828727,0.052937774750176456,9,8,8,8,9
2023-10-31,2023-09-29,0.005281145906986782,-0.04583457974497808,0.018444531085196503,-0.06116585176584172,-0.04552933387610582,-0.050810479783092596,9,8,8,8,9
2023-11-30,2023-10-31,0.12314336099309209,0.1127185775524168,0.08101722675166564,0.07577931928969285,0.13743821426162312,0.014294853268531027,9,8,8,8,9
2023-12-29,2023-11-30,0.032071195055557666,0.09000178069489882,0.029782586959842205,0.03615334015406796,0.08160360329383133,0.049532408238273665,9,8,8,8,9
2024-01-31,2023-12-29,0.04343402057802695,-0.014002051973940208,0.05157904286137156,0.08744784517338924,0.03528261486032645,-0.008151405717700497,9,8,8,8,9
2024-02-29,2024-01-31,0.06396450885509695,0.04329815776218013,0.04702328102238977,0.14930230743465053,0.09503130685237154,0.03106679799727459,9,8,8,8,9
2024-03-28,2024-02-29,0.009252406003634564,-0.003997532986221894,0.013791871537843309,0.0246065671507381,0.07212932394917512,0.06287691794554055,9,8,8,8,9
2024-04-30,2024-03-28,-0.03527701084101452,-0.03467218790058672,-0.04039110899159887,-0.04555759591170089,-0.05118403111591284,-0.01590702027489832,9,8,8,8,9
2024-05-31,2024-04-30,0.06617899356016416,0.04033076451374107,0.04994983113157525,0.04476124651302604,0.025939143071836264,-0.04023985048832789,9,8,8,8,9
2024-06-28,2024-05-31,0.03177156431275696,0.0920513690840962,0.0204184869330388,0.04628207586714764,0.01337610520654041,-0.018395459106216552,9,8,8,8,9
2024-07-31,2024-06-28,-0.030499182957673263,0.019823742237500025,-0.04161070388978167,0.04804785745143361,-0.012879571755863604,0.01761961120180966,9,8,9,8,9
2024-08-30,2024-07-31,0.04525357170843875,0.061761337935092434,-0.03166625505300364,0.08052376614077175,-0.05899050560732655,-0.1042440773157653,9,8,9,8,9
2024-09-30,2024-08-30,0.03698608317717907,0.06189019342379898,0.0019844242811202844,0.10111169188711222,0.040542399594642814,0.003556316417463741,9,8,9,8,9
2024-10-31,2024-09-30,0.00610613901147208,-0.021682117324397274,-0.05566832788861025,0.0006185578410456138,-0.039330497509604906,-0.04543663652107699,9,8,9,8,9
2024-11-29,2024-10-31,0.07167481268302359,0.16499631852421082,0.05372882836251574,0.2422082973600699,0.036711327250198496,-0.03496348543282509,9,8,9,8,9
2024-12-31,2024-11-29,0.012310647587671149,0.014511097454454516,-0.021936972600302918,-0.054083963445928473,-0.08806977668279015,-0.10038042427046129,9,8,9,8,9
2025-01-31,2024-12-31,0.01756476486014026,0.033678622873894476,0.024657131848892695,0.11457955477211543,0.035080768965652404,0.017516004105512142,9,8,9,8,9
2025-02-28,2025-01-31,-0.001258402306462964,-0.004963050431613492,0.0017183105009492827,-0.02478371340954487,-0.001966454738332013,-0.000708052431869049,9,8,9,8,9
2025-03-31,2025-02-28,-0.10035560882801202,-0.06511959598011019,-0.06154761191359212,-0.04580037174631223,-0.03716170288338025,0.06319390594463177,9,8,9,8,9
2025-04-30,2025-03-31,0.031816061139054504,0.07697426870953543,-0.04034848785791128,-0.006749256123973632,-0.07412734392906928,-0.10594340506812377,9,8,9,8,9
2025-05-30,2025-04-30,0.10844484517828894,0.08237486792660809,0.08047800170399418,0.061934372472536955,0.046056622649477914,-0.06238822252881102,9,8,9,8,9
2025-06-30,2025-05-30,0.06655700588786603,0.03459879061975213,0.075798975935507,0.08209167221544014,0.12729680946533564,0.06073980357746961,9,8,9,8,9
2025-07-31,2025-06-30,0.06898272023067109,-0.01816395764192545,0.015516720898782829,-0.03222477884418004,0.07457757458192855,0.005594854351257464,9,8,9,8,9
2025-08-29,2025-07-31,0.023424325560126143,0.015325409109322286,0.00971096303886095,0.08306816789585662,0.0209815892104549,-0.0024427363496712443,9,8,9,8,9
2025-09-30,2025-08-29,0.11204230906450668,-0.0013693394841975681,2.107641093742865e-05,0.0357134132615359,0.15517719511379222,0.04313488604928553,9,8,9,8,9
2025-10-31,2025-09-30,0.05982659400615726,0.010176977927179212,0.003375918854740201,0.04713951481681665,0.1794852962336858,0.11965870222752856,9,8,9,8,9
2025-11-28,2025-10-31,-0.11084863418695914,0.0011912803221911655,-0.00017903789917530745,0.0419357423402231,-0.027274162926600454,0.08357447126035869,9,8,9,8,9
2025-12-31,2025-11-28,0.0753143954573341,-0.032749237749908636,0.005907743787383198,0.01821464358146095,0.001932348357218351,-0.07338204710011574,9,8,9,8,9
2026-01-30,2025-12-31,-0.029897837376351582,-0.0343332573103121,0.08791435809788242,-0.039832986026067246,0.18659099065933862,0.2164888280356902,9,8,9,8,9
2026-02-27,2026-01-30,-0.06859212018661415,0.024226335342959093,0.029936757453492766,0.01276134803690461,0.016640618704818207,0.08523273889143235,9,8,9,8,9
2026-03-31,2026-02-27,-0.026532579369922173,-0.04620957056050319,-0.08947560868414409,-0.05711132614473033,-0.038460454933579365,-0.011927875563657191,9,8,9,8,9
2026-04-30,2026-03-31,0.08072320626248741,0.07525162075297148,0.10512956317554172,0.12166036956016352,0.3325879931785929,0.2518647869161055,9,8,9,8,9
2026-05-29,2026-04-30,0.24454246600869084,-0.0003208586152237125,0.0290578560579084,0.10344346315075045,0.2641147658957879,0.019572299887097078,9,8,9,8,9
2026-06-30,2026-05-29,-0.09465440037159331,-0.08625654404307642,-0.009923632543380948,-0.018402027875759758,0.017713799374200676,0.11236819974579398,9,8,9,8,9
2026-07-31,2026-06-30,-0.028473462857239642,-0.04547263370509473,0.015014484526128104,-0.03814916478505183,0.05397588391182421,0.08244934676906385,9,8,9,8,9
2026-08-31,2026-07-31,0.10564190619645535,0.031187250094457858,0.0022446045473380905,0.02255493848708366,0.1110437340169502,0.0054018278204948506,9,8,9,8,9
