return_date,Equal weight,Inverse volatility,Risk parity
2021-07-30,0.02455952716587282,0.0314658132352914,0.02923214295242171
2021-08-31,0.024021180542386715,0.020526540855516764,0.02218105617209111
2021-09-30,-0.03668623793616426,-0.036457995225128104,-0.03475288763619377
2021-10-29,0.07619716077700187,0.07252151497582016,0.07632495639424232
2021-11-30,0.013443635370000838,0.008124445767408884,0.0020054652011157687
2021-12-31,0.03408671545780355,0.046221411504693576,0.04477636208428466
2022-01-31,-0.0568288529639725,-0.04658831055853826,-0.04712164835980018
2022-02-28,-0.03804620067569214,-0.037710543945853985,-0.040896535668727176
2022-03-31,0.027583938870953492,0.02862359037988706,0.03444120531862663
2022-04-29,-0.08549769796256854,-0.06424510964877884,-0.0525104420692136
2022-05-31,0.007782181014862416,0.0029128635127312237,0.006886957712202858
2022-06-30,-0.09581638423920981,-0.08355663601368546,-0.07795037685668119
2022-07-29,0.1099234910463803,0.0920860928813181,0.08457720089947629
2022-08-31,-0.05631259982264816,-0.05146141433484836,-0.04909266166907985
2022-09-30,-0.10778128607408184,-0.09766756438387963,-0.08821340068206998
2022-10-31,0.09864092355328188,0.10570630610642724,0.11247803612885397
2022-11-30,0.07332757447618315,0.07301916235310846,0.06924414094938354
2022-12-30,-0.06448803529893454,-0.05071939813338957,-0.045117749083981085
2023-01-31,0.10140356505246839,0.06866321939198104,0.056629117314481496
2023-02-28,-0.016079292782102423,-0.02525360801733764,-0.02454753944890032
2023-03-31,0.057918461383448507,0.04749641822134119,0.043092704234449906
2023-04-28,-0.0014547298920283024,0.010743363390338063,0.013924417669695837
2023-05-31,0.08451241685684378,0.036675741156243676,0.03352084499247541
2023-06-30,0.060164264011514444,0.055929225043917126,0.05545952083508218
2023-07-31,0.05254482759279445,0.036719913529625836,0.0351348726500434
2023-08-31,-0.02357621153061062,-0.01783442814606285,-0.019078210001938094
2023-09-29,-0.04501191568111156,-0.0433656858542567,-0.04023341028126043
2023-10-31,-0.024835350201396048,-0.021784697827569352,-0.022226263903699927
2023-11-30,0.11015771211156533,0.08896647044868021,0.08088785162249494
2023-12-29,0.056281211078412184,0.04879738394695167,0.043109875384472286
2024-01-31,0.04148433656635771,0.030239860355038495,0.031126417122329192
2024-02-29,0.0774046228798351,0.05394090089265279,0.04987293195182361
2024-03-28,0.028199418213113114,0.026235916561768786,0.026677136953420916
2024-04-30,-0.042445163561467575,-0.034845825522609446,-0.033845497612688534
2024-05-31,0.045008792242403256,0.0386504399305492,0.03692007629386689
2024-06-28,0.04218340763754121,0.02837886685520005,0.023819160916733802
2024-07-31,-0.00497948267387945,0.00625707669826989,0.01261886478855872
2024-08-30,0.017047180179096063,0.0265862162475759,0.028076168272034675
2024-09-30,0.04019249425833316,0.025144282777714196,0.02185617507467977
2024-10-31,-0.018493580052801425,-0.0161181935912571,-0.01990048246387243
2024-11-29,0.10342028370145669,0.07410323169809296,0.06904617911691477
2024-12-31,-0.02915914232966494,-0.034184746717203764,-0.03913031081200754
2025-01-31,0.04833847118463938,0.04754264177951028,0.04380466893844097
2025-02-28,-0.006355248354380457,0.003233936571101211,0.008119327668457374
2025-03-31,-0.06415138974878516,-0.05129567800809803,-0.042075425986578055
2025-04-30,-0.0024716867859964843,-0.016315384627384046,-0.025968563362616617
2025-05-30,0.08107997554535187,0.0589015170218833,0.038024496051715276
2025-06-30,0.08077176606243387,0.05448865661477446,0.04380023583782662
2025-07-31,0.022228484644725592,0.012953587098580362,0.007019718417277952
2025-08-29,0.03051684950644581,0.034963452813113576,0.04244098963307971
2025-09-30,0.0735049131321864,0.044902685724653196,0.04040241047634465
2025-10-31,0.05890518705678477,0.03854714314836198,0.03224853526810396
2025-11-28,-0.01600230498450761,0.0024186918662899995,0.009020627730392753
2025-12-31,0.016318817676114213,0.007297769968318615,0.0015594388655044338
2026-01-30,0.04857691656698864,0.03997507433284503,0.040667795436827525
2026-02-27,0.0031529901523705333,0.016679998613448675,0.030537740319679246
2026-03-31,-0.051641206432515976,-0.04956275353242168,-0.051738649844239
2026-04-30,0.14738065912744736,0.09149441251640748,0.07779769304682134
2026-05-29,0.11935710174977623,0.06286918465177509,0.043795799239355664
2026-06-30,-0.01799583942420787,-0.008607122196571029,-0.01946977885381872
2026-07-31,-0.010733403880537312,0.021545748938841865,0.03694340050296139
2026-08-31,0.048541756770000916,0.03662980210692765,0.04006934943784671
