return_date,Equal weight,Risk parity,"MV max Sharpe, long-only","MV max Sharpe, 10% cap + sectors","MV min variance, 10% cap"
2021-07-30,0.02455952716587282,0.02923214295242171,0.02745385368805317,0.027679812932384137,0.0453931102734804
2021-08-31,0.024021180542386715,0.02218105617209111,0.03500954065197369,0.034636106325421565,0.026050285911820643
2021-09-30,-0.03668623793616426,-0.03475288763619377,-0.04672061626427307,-0.045088439955606505,-0.033921113182223954
2021-10-29,0.07619716077700187,0.07632495639424232,0.08467690174605114,0.08886442149625735,0.06997403248409197
2021-11-30,0.013443635370000838,0.0020054652011157687,-0.0343570698767903,-0.021355270630985013,-0.017520965349742953
2021-12-31,0.03408671545780355,0.04477636208428466,0.014738875806227592,0.02422758931822576,0.06328644533961386
2022-01-31,-0.0568288529639725,-0.04712164835980018,-0.06271011214060651,-0.047543893753904,-0.04385462905484132
2022-02-28,-0.03804620067569214,-0.040896535668727176,-0.029403161980167847,-0.025105933784785043,-0.03509561762597041
2022-03-31,0.027583938870953492,0.03444120531862663,0.07784910991893841,0.05500584144857043,0.05841080629785083
2022-04-29,-0.08549769796256854,-0.0525104420692136,-0.05636015966473923,-0.03932159064434253,-0.002560292031874347
2022-05-31,0.007782181014862416,0.006886957712202858,0.0046902879504589386,0.012542414537602029,-0.010759587770498047
2022-06-30,-0.09581638423920981,-0.07795037685668119,-0.08677696124902919,-0.06477886843135829,-0.05196554826022705
2022-07-29,0.1099234910463803,0.08457720089947629,0.04950997414464401,0.08872551980113993,0.04509864360396458
2022-08-31,-0.05631259982264816,-0.04909266166907985,-0.02929111342104701,-0.01770481269808662,-0.034524848796412884
2022-09-30,-0.10778128607408184,-0.08821340068206998,-0.07711913730252622,-0.0689332751425044,-0.0592005129145302
2022-10-31,0.09864092355328188,0.11247803612885397,0.19116680342599884,0.14265222853371984,0.12591168699001182
2022-11-30,0.07332757447618315,0.06924414094938354,0.06974103831699345,0.06591457317904324,0.07085615792421324
2022-12-30,-0.06448803529893454,-0.045117749083981085,-0.0022923690456016516,-0.020828376164502543,-0.015482878946616123
2023-01-31,0.10140356505246839,0.056629117314481496,-0.011589181582953426,-0.024291343789166513,-0.028048321875624307
2023-02-28,-0.016079292782102423,-0.02454753944890032,0.016488755258157975,0.0072307993329257594,-0.03257702825453875
2023-03-31,0.057918461383448507,0.043092704234449906,0.01949712654690295,0.03443629092649891,0.03481156974764207
2023-04-28,-0.0014547298920283024,0.013924417669695837,0.06182071081649937,0.035586510471204286,0.03728207385676337
2023-05-31,0.08451241685684378,0.03352084499247541,0.13452711758159197,0.11744333482665016,-0.037168531624553684
2023-06-30,0.060164264011514444,0.05545952083508218,0.08254268298114634,0.0748911255579392,0.04049377951547034
2023-07-31,0.05254482759279445,0.0351348726500434,0.046214006450704954,0.03693438373280895,0.009309104048962367
2023-08-31,-0.02357621153061062,-0.019078210001938094,-0.041322837838666956,-0.03050287928461668,-0.021334442756846844
2023-09-29,-0.04501191568111156,-0.04023341028126043,-0.04892936184746341,-0.05012012989985428,-0.03285285907116189
2023-10-31,-0.024835350201396048,-0.022226263903699927,-0.035984581531319365,-0.04266673940561455,-0.011885389942952613
2023-11-30,0.11015771211156533,0.08088785162249494,0.08494462825666699,0.06541676342741752,0.03535041479802729
2023-12-29,0.056281211078412184,0.043109875384472286,0.04303829434686933,0.025121467395375956,0.017202077347545634
2024-01-31,0.04148433656635771,0.031126417122329192,0.08998583931507143,0.08357528758815282,0.02588666015027458
2024-02-29,0.0774046228798351,0.04987293195182361,0.15379349889761998,0.14258399779196626,0.028072813728216843
2024-03-28,0.028199418213113114,0.026677136953420916,0.03779064042474384,0.030679910703813262,0.01861445078505573
2024-04-30,-0.042445163561467575,-0.033845497612688534,-0.02224261500861758,-0.02154839318726457,-0.02777525339530459
2024-05-31,0.045008792242403256,0.03692007629386689,0.05114048881144242,0.053192261372526195,0.03919503642730787
2024-06-28,0.04218340763754121,0.023819160916733802,0.018526668923460242,0.01838053237760821,0.014263929532052985
2024-07-31,-0.00497948267387945,0.01261886478855872,-0.011288615936388375,-0.0134469172102957,0.024608004896049477
2024-08-30,0.017047180179096063,0.028076168272034675,0.05069213428504612,0.04203200920562264,0.04735162158601766
2024-09-30,0.04019249425833316,0.02185617507467977,0.006682067850993078,0.009518953763520651,0.005789092606952365
2024-10-31,-0.018493580052801425,-0.01990048246387243,-0.017746499881888228,-0.009519815546999245,-0.0251867091732601
2024-11-29,0.10342028370145669,0.06904617911691477,0.09917131906470693,0.10151762738300567,0.04186956564387277
2024-12-31,-0.02915914232966494,-0.03913031081200754,-0.039348555861820116,-0.052620716566070085,-0.04095881924975531
2025-01-31,0.04833847118463938,0.04380466893844097,0.05527435422809893,0.052986131373985716,0.03596002815257859
2025-02-28,-0.006355248354380457,0.008119327668457374,-0.006297393473490854,-0.006438792900514142,0.018430958433135792
2025-03-31,-0.06415138974878516,-0.042075425986578055,-0.04816916219040842,-0.042486006636875975,-0.01954820584017716
2025-04-30,-0.0024716867859964843,-0.025968563362616617,0.08023637381237111,0.04955638972508211,-0.031888064484712604
2025-05-30,0.08107997554535187,0.038024496051715276,0.045059952571123524,0.05382715010292309,0.0040871255820202086
2025-06-30,0.08077176606243387,0.04380023583782662,0.04199777120019682,0.04589330251083392,0.014041547162082906
2025-07-31,0.022228484644725592,0.007019718417277952,0.00990153731868891,0.032784129176330154,0.006261189553266738
2025-08-29,0.03051684950644581,0.04244098963307971,0.03956511334618262,0.020878324790941406,0.047316912807210565
2025-09-30,0.0735049131321864,0.04040241047634465,0.07170011365624644,0.052602393520117884,0.01638034993534647
2025-10-31,0.05890518705678477,0.03224853526810396,0.06512393240920954,0.06825636400562514,0.009773736882440646
2025-11-28,-0.01600230498450761,0.009020627730392753,0.035935036312342905,0.00037218306756040594,0.026971660662644545
2025-12-31,0.016318817676114213,0.0015594388655044338,-0.010977855620338806,-0.005570615519374816,-0.016901803787210415
2026-01-30,0.04857691656698864,0.040667795436827525,0.16139448599346318,0.14612637538191325,0.03519534131080913
2026-02-27,0.0031529901523705333,0.030537740319679246,0.0748091760444731,0.05673125412759634,0.05670504028164678
2026-03-31,-0.051641206432515976,-0.051738649844239,-0.02651833992865309,-0.040578350179298193,-0.052507882355029956
2026-04-30,0.14738065912744736,0.07779769304682134,0.1034620691425772,0.14460706643662893,0.020765706810501505
2026-05-29,0.11935710174977623,0.043795799239355664,0.04030431015454928,0.04648474746986313,-0.0008882167867271568
2026-06-30,-0.01799583942420787,-0.01946977885381872,0.035226909080948866,0.024262024576657604,-0.01910505659468983
2026-07-31,-0.010733403880537312,0.03694340050296139,0.015386505771112505,0.015923797451884113,0.056742583627634666
2026-08-31,0.048541756770000916,0.04006934943784671,0.027123034340830618,0.026760332890031744,0.03831983892751625
