,Equal weight,Risk parity,"Max Sharpe, long-only","Max Sharpe, 10% cap + sectors","Min variance, 10% cap"
AAPL,0.02,0.015600745786975947,0.0,0.0,0.0
ABT,0.02,0.028283437601956996,0.0,0.0,0.02466602125172303
ADBE,0.02,0.01442163335464639,0.0,0.0,0.0
AMD,0.02,0.008741397088856302,0.0,0.0,0.0
AMZN,0.02,0.012882734092150976,0.0,0.0,0.0
ASML,0.02,0.010445230661882259,0.0,0.0,0.0
AVGO,0.02,0.011866343710393584,0.05226537485624237,0.05551886193395072,0.0
BAC,0.02,0.017846890458165114,0.0,0.0,0.0
CAT,0.02,0.0167838296368533,0.0,0.0,0.0
COST,0.02,0.02272220118937931,0.0,0.0329232092135242,0.0
CRM,0.02,0.014405506125015668,0.0,0.0,0.0
CRWD,0.02,0.011644187989803772,0.0,0.0,0.01074229751299619
CSCO,0.02,0.020329325509511123,0.0,0.0,0.021537756201905397
CVX,0.02,0.030880310079805805,0.0,0.09999999999999999,0.06887949002650445
GE,0.02,0.016449055674404422,0.06755987010070841,0.10000000000000003,0.0
GOOGL,0.02,0.015522519513333067,0.0,0.0,0.003041766342389992
HD,0.02,0.019875414346287413,0.0,0.0,0.0
HON,0.02,0.021021440701563296,0.0,0.0,0.0
INTC,0.02,0.01123180369575644,0.0,0.0,0.0
JNJ,0.02,0.055758740223822975,0.15518628940672638,0.10000000000000002,0.1
JPM,0.02,0.01950560712653528,0.0,0.0,0.016699258059042578
KO,0.02,0.04569630082002301,0.14895104782001345,0.09999999999999999,0.1
MA,0.02,0.018855906784860703,0.0,0.0,0.0
MCD,0.02,0.038014031670096385,0.0,0.0,0.1
META,0.02,0.01207516648695969,0.0,0.0,0.0
MRK,0.02,0.03878894505148344,0.10176156774718494,0.10000000000000002,0.049062796808552356
MSFT,0.02,0.017092581877158366,0.0,0.0,0.03570116918763417
MU,0.02,0.009949600556791114,0.0327643448789766,0.03204929557832065,0.0
NFLX,0.02,0.014393363390192208,0.0,0.0,0.0
NKE,0.02,0.015278769240938657,0.0,0.0,0.0
NVDA,0.02,0.009228494565601958,0.02208644035809292,0.016773708438645347,0.0
ORCL,0.02,0.015678617102389908,0.0,0.0,0.019645048238875744
PEP,0.02,0.04095116707660793,0.0,0.0,0.05960694533386586
PFE,0.02,0.03164436394578856,0.0,0.0,0.04202989692325009
PG,0.02,0.04216558482989936,0.0,0.0,0.1
PLTR,0.02,0.00870742124610977,0.0223577643722124,0.022207118560380584,0.0
QCOM,0.02,0.011238141228460547,0.0,0.0,0.0
RKLB,0.02,0.008365934174735183,0.013640461649794426,0.017076790786475865,0.0
SMCI,0.02,0.008539210268221915,0.026751443055044948,0.028977089972168597,0.0
STX,0.02,0.012710050307853655,0.07756522282165663,0.09447392551653404,0.007956358103787092
TMO,0.02,0.018828808889651345,0.0,0.0,0.0
TSLA,0.02,0.00956013145780818,0.0,0.0,0.0
TSM,0.02,0.013538524569955043,0.0,0.0,0.051209135903193266
TXN,0.02,0.014223843617161855,0.0,0.0,0.0
UNH,0.02,0.031658485085608465,0.0,0.0,0.041793026609090136
V,0.02,0.02046418189514539,0.0,0.0,0.0
WDC,0.02,0.010960219084403007,0.0,0.0,0.0
WFC,0.02,0.01760606753503275,0.0,0.0,0.0
WMT,0.02,0.033921659184907665,0.09031027322584652,0.10000000000000003,0.08889349972884739
XOM,0.02,0.03364607348905442,0.18879989970749994,0.10000000000000002,0.05853553376834231
