,,ann_return_cagr,ann_return_mean,ann_volatility,downside_deviation,sharpe,sortino,max_drawdown,calmar,skewness,excess_kurtosis,hit_rate,best_period,worst_period,n_periods,periods_per_year,start,end
Value,Q1,0.20161727155357556,0.22404404299123964,0.28310099275692013,0.16658003367585475,0.7913926433441061,1.3449633671416055,-0.43611248270265424,0.4623056655111617,0.026803652832193093,0.17741812204774599,0.6451612903225806,0.2445424660086908,-0.1788233037546341,62,12,2021-07-30,2026-08-31
Value,Q2,0.15580132432095106,0.16841910769028656,0.21693582571982703,0.12045785190179294,0.7763545146655496,1.3981579866424612,-0.2908625772449892,0.5356526982490495,0.18202302302833678,-0.46511464094893107,0.5483870967741935,0.1649963185242108,-0.1100888163421332,62,12,2021-07-30,2026-08-31
Value,Q3,0.14532966823312776,0.15127023516986476,0.17422584761265328,0.09840763409591602,0.868242211145246,1.5371798799920806,-0.1634378199303107,0.8892046424450339,-0.04865144039762841,-0.36459891830418867,0.6290322580645161,0.1134943165733606,-0.116150502862673,62,12,2021-07-30,2026-08-31
Value,Q4,0.270929753545083,0.26708177360613183,0.23002804180645525,0.10330039144139945,1.1610835422876549,2.585486558951161,-0.25057423178677873,1.0812354950193976,0.6318129507029394,0.438544461966877,0.5967741935483871,0.2422082973600699,-0.0749696476383428,62,12,2021-07-30,2026-08-31
Value,Q5,0.45183797236155376,0.42000811684086364,0.29972509858872065,0.1223965522231078,1.401311130827899,3.4315355229554285,-0.20936467296291061,2.1581385530193904,0.8303460379504896,1.849436347735455,0.6290322580645161,0.3325879931785929,-0.167590533625971,62,12,2021-07-30,2026-08-31
Value,long_short,0.17577424663509778,0.19596407384962386,0.2638517664592541,0.13901642414944873,0.7427051805616243,1.40964691797103,-0.3886191472506464,0.4523046480819157,0.6305384528692153,0.8508826562956187,0.5645161290322581,0.2518647869161055,-0.1311588110889506,62,12,2021-07-30,2026-08-31
Momentum,Q1,0.30881758173269325,0.3075797476023808,0.27305601131785856,0.1380679485455615,1.12643463192002,2.2277418535039764,-0.30064280092383266,1.0271910080126336,0.35734481041672145,0.5421956273244382,0.6612903225806451,0.2558595161912192,-0.1322034558835905,62,12,2021-07-30,2026-08-31
Momentum,Q2,0.05689410483791324,0.0767162980913437,0.20677767274633327,0.13908380513985769,0.3710086155455296,0.5515832559671526,-0.3993524203121809,0.14246590716399843,-0.30802995926858767,0.4647554908279865,0.532258064516129,0.1569058668475096,-0.1482180886465838,62,12,2021-07-30,2026-08-31
Momentum,Q3,0.16584774569636274,0.16910292127826823,0.17232498871813384,0.10522519307116844,0.9813023783501542,1.607057362811361,-0.31205389671788686,0.5314714779745174,-0.48309291167402996,0.021850113509544133,0.6290322580645161,0.1229398001843211,-0.1188654748809692,62,12,2021-07-30,2026-08-31
Momentum,Q4,0.17543669159747766,0.1804038115407908,0.19102274430134863,0.10408733378781204,0.9444101130501722,1.7331965857493694,-0.23052512654457413,0.7610306703965972,0.1072160184780419,-0.3498595614578437,0.5967741935483871,0.1544682742857642,-0.0888941757487406,62,12,2021-07-30,2026-08-31
Momentum,Q5,0.5238054849667781,0.4937896206979632,0.38303712156629766,0.14820939365743363,1.2891429913601626,3.3317025899133794,-0.23058234218323992,2.2716634760805694,1.2588153995820965,3.5416598908606765,0.5645161290322581,0.4885773892073491,-0.2012603230763606,62,12,2021-07-30,2026-08-31
Momentum,long_short,0.11934546362752863,0.18620987309558218,0.3853129733304174,0.23723172493764377,0.4832691499746146,0.7849282095155162,-0.42659457189609773,0.27976320255804066,0.22510847238489104,2.9434245441527627,0.5483870967741935,0.4103082380265868,-0.2962510211162257,62,12,2021-07-30,2026-08-31
