fy_end,book_equity,be_filed,ticker
2007-01-28 00:00:00,2006919000,2010-03-18 00:00:00,NVDA
2008-01-27 00:00:00,2617912000,2010-03-18 00:00:00,NVDA
2009-01-25 00:00:00,2394652000,2010-03-18 00:00:00,NVDA
2010-01-31 00:00:00,2665140000,2010-03-18 00:00:00,NVDA
2011-01-30 00:00:00,3181462000,2011-03-16 00:00:00,NVDA
2012-01-29 00:00:00,4145724000,2012-03-13 00:00:00,NVDA
2013-01-27 00:00:00,4827703000,2013-03-12 00:00:00,NVDA
2014-01-26 00:00:00,4456398000,2014-03-13 00:00:00,NVDA
2015-01-25 00:00:00,4417982000,2015-03-12 00:00:00,NVDA
2016-01-31 00:00:00,4469000000,2016-03-17 00:00:00,NVDA
2017-01-29 00:00:00,5762000000,2017-03-01 00:00:00,NVDA
2018-01-28 00:00:00,7471000000,2018-02-28 00:00:00,NVDA
2019-01-27 00:00:00,9342000000,2019-02-21 00:00:00,NVDA
2020-01-26 00:00:00,12204000000,2020-02-20 00:00:00,NVDA
2021-01-31 00:00:00,16893000000,2021-02-26 00:00:00,NVDA
2022-01-30 00:00:00,26612000000,2022-03-18 00:00:00,NVDA
2023-01-29 00:00:00,22101000000,2023-02-24 00:00:00,NVDA
2024-01-28 00:00:00,42978000000,2024-02-21 00:00:00,NVDA
2025-01-26 00:00:00,79327000000,2025-02-26 00:00:00,NVDA
2026-01-25 00:00:00,157293000000,2026-02-25 00:00:00,NVDA
2011-12-31 00:00:00,4899000000,2013-02-01 00:00:00,META
2012-12-31 00:00:00,11755000000,2013-02-01 00:00:00,META
2013-12-31 00:00:00,15470000000,2014-01-31 00:00:00,META
2014-12-31 00:00:00,36096000000,2015-01-29 00:00:00,META
2015-12-31 00:00:00,44218000000,2016-01-28 00:00:00,META
2016-12-31 00:00:00,59194000000,2017-02-03 00:00:00,META
2017-12-31 00:00:00,74347000000,2018-02-01 00:00:00,META
2018-12-31 00:00:00,84127000000,2019-01-31 00:00:00,META
2019-12-31 00:00:00,101054000000,2020-01-30 00:00:00,META
2020-12-31 00:00:00,128290000000,2021-01-28 00:00:00,META
2021-12-31 00:00:00,124879000000,2022-02-03 00:00:00,META
2022-12-31 00:00:00,125713000000,2023-02-02 00:00:00,META
2023-12-31 00:00:00,153168000000,2024-02-02 00:00:00,META
2024-12-31 00:00:00,182637000000,2025-01-30 00:00:00,META
2025-12-31 00:00:00,217243000000,2026-01-29 00:00:00,META
2012-12-31 00:00:00,71570000000,2016-02-11 00:00:00,GOOGL
2013-12-31 00:00:00,86977000000,2016-02-11 00:00:00,GOOGL
2014-12-31 00:00:00,103860000000,2016-02-11 00:00:00,GOOGL
2015-12-31 00:00:00,120331000000,2016-02-11 00:00:00,GOOGL
2016-12-31 00:00:00,139036000000,2017-02-03 00:00:00,GOOGL
2017-12-31 00:00:00,152502000000,2018-02-06 00:00:00,GOOGL
2018-12-31 00:00:00,177628000000,2019-02-05 00:00:00,GOOGL
2019-12-31 00:00:00,201442000000,2020-02-04 00:00:00,GOOGL
2020-12-31 00:00:00,222544000000,2021-02-03 00:00:00,GOOGL
2021-12-31 00:00:00,251635000000,2022-02-02 00:00:00,GOOGL
2022-12-31 00:00:00,256144000000,2023-02-03 00:00:00,GOOGL
2023-12-31 00:00:00,283379000000,2024-01-31 00:00:00,GOOGL
2024-12-31 00:00:00,325084000000,2025-02-05 00:00:00,GOOGL
2025-12-31 00:00:00,415265000000,2026-02-05 00:00:00,GOOGL
2008-06-30 00:00:00,36286000000,2010-07-30 00:00:00,MSFT
2009-06-30 00:00:00,39558000000,2010-07-30 00:00:00,MSFT
2010-06-30 00:00:00,46175000000,2010-07-30 00:00:00,MSFT
2011-06-30 00:00:00,57083000000,2011-07-28 00:00:00,MSFT
2012-06-30 00:00:00,66363000000,2012-07-26 00:00:00,MSFT
2013-06-30 00:00:00,78944000000,2013-07-30 00:00:00,MSFT
2014-06-30 00:00:00,89784000000,2014-07-31 00:00:00,MSFT
2015-06-30 00:00:00,80083000000,2015-07-31 00:00:00,MSFT
2016-06-30 00:00:00,71997000000,2016-07-28 00:00:00,MSFT
2017-06-30 00:00:00,72394000000,2017-08-02 00:00:00,MSFT
2018-06-30 00:00:00,82718000000,2018-08-03 00:00:00,MSFT
2019-06-30 00:00:00,102330000000,2019-08-01 00:00:00,MSFT
2020-06-30 00:00:00,118304000000,2020-07-30 00:00:00,MSFT
2021-06-30 00:00:00,141988000000,2021-07-29 00:00:00,MSFT
2022-06-30 00:00:00,166542000000,2022-07-28 00:00:00,MSFT
2023-06-30 00:00:00,206223000000,2023-07-27 00:00:00,MSFT
2024-06-30 00:00:00,268477000000,2024-07-30 00:00:00,MSFT
2025-06-30 00:00:00,343479000000,2025-07-30 00:00:00,MSFT
2026-06-30 00:00:00,442387000000,2026-07-29 00:00:00,MSFT
2008-12-31 00:00:00,-199714000,2012-02-27 00:00:00,TSLA
2009-12-31 00:00:00,-253523000,2012-02-27 00:00:00,TSLA
2010-12-31 00:00:00,207048000,2012-02-27 00:00:00,TSLA
2011-12-31 00:00:00,224045000,2012-02-27 00:00:00,TSLA
2012-12-31 00:00:00,124700000,2013-03-07 00:00:00,TSLA
2013-12-31 00:00:00,667120000,2014-02-26 00:00:00,TSLA
2014-12-31 00:00:00,911710000,2015-02-26 00:00:00,TSLA
2015-12-31 00:00:00,1088944000,2016-02-24 00:00:00,TSLA
2016-12-31 00:00:00,4752911000,2017-03-01 00:00:00,TSLA
2017-12-31 00:00:00,4237242000,2018-02-23 00:00:00,TSLA
2018-12-31 00:00:00,4923243000,2019-02-19 00:00:00,TSLA
2019-12-31 00:00:00,6618000000,2020-02-13 00:00:00,TSLA
2020-12-31 00:00:00,22225000000,2021-02-08 00:00:00,TSLA
2021-12-31 00:00:00,30189000000,2022-02-07 00:00:00,TSLA
2022-12-31 00:00:00,44704000000,2023-01-31 00:00:00,TSLA
2023-12-31 00:00:00,62634000000,2024-01-29 00:00:00,TSLA
2024-12-31 00:00:00,72913000000,2025-01-30 00:00:00,TSLA
2025-12-31 00:00:00,82137000000,2026-01-29 00:00:00,TSLA
2009-05-31 00:00:00,25090000000,2010-07-01 00:00:00,ORCL
2010-05-31 00:00:00,30798000000,2010-07-01 00:00:00,ORCL
2011-05-31 00:00:00,39776000000,2011-06-28 00:00:00,ORCL
2012-05-31 00:00:00,43688000000,2012-06-26 00:00:00,ORCL
2013-05-31 00:00:00,44648000000,2013-06-26 00:00:00,ORCL
2014-05-31 00:00:00,46878000000,2014-06-26 00:00:00,ORCL
2015-05-31 00:00:00,48663000000,2015-06-25 00:00:00,ORCL
2016-05-31 00:00:00,47289000000,2016-06-22 00:00:00,ORCL
2017-05-31 00:00:00,53860000000,2017-06-27 00:00:00,ORCL
2018-05-31 00:00:00,45726000000,2018-06-22 00:00:00,ORCL
2019-05-31 00:00:00,21785000000,2019-06-21 00:00:00,ORCL
2020-05-31 00:00:00,12074000000,2020-06-22 00:00:00,ORCL
2021-05-31 00:00:00,5238000000,2021-06-21 00:00:00,ORCL
2022-05-31 00:00:00,-6220000000,2022-06-21 00:00:00,ORCL
2023-05-31 00:00:00,1073000000,2023-06-20 00:00:00,ORCL
2024-05-31 00:00:00,8704000000,2024-06-20 00:00:00,ORCL
2025-05-31 00:00:00,20451000000,2025-06-18 00:00:00,ORCL
2026-05-31 00:00:00,42508000000,2026-06-22 00:00:00,ORCL
2007-12-29 00:00:00,3230000000,2011-02-18 00:00:00,AMD
2008-12-27 00:00:00,127000000,2011-02-18 00:00:00,AMD
2009-12-26 00:00:00,648000000,2011-02-18 00:00:00,AMD
2010-12-25 00:00:00,1013000000,2011-02-18 00:00:00,AMD
2011-12-31 00:00:00,1590000000,2012-02-24 00:00:00,AMD
2012-12-29 00:00:00,538000000,2013-02-21 00:00:00,AMD
2013-12-28 00:00:00,544000000,2014-02-18 00:00:00,AMD
2014-12-27 00:00:00,187000000,2015-02-19 00:00:00,AMD
2015-12-26 00:00:00,-412000000,2016-02-18 00:00:00,AMD
2016-12-31 00:00:00,416000000,2017-02-21 00:00:00,AMD
2017-12-30 00:00:00,611000000,2018-02-27 00:00:00,AMD
2018-12-29 00:00:00,1266000000,2019-02-08 00:00:00,AMD
2019-12-28 00:00:00,2827000000,2020-02-04 00:00:00,AMD
2020-12-26 00:00:00,5837000000,2021-01-29 00:00:00,AMD
2021-12-25 00:00:00,7497000000,2022-02-03 00:00:00,AMD
2022-12-31 00:00:00,54750000000,2023-02-27 00:00:00,AMD
2023-12-30 00:00:00,55892000000,2024-01-31 00:00:00,AMD
2024-12-28 00:00:00,57568000000,2025-02-05 00:00:00,AMD
2025-12-27 00:00:00,62999000000,2026-02-04 00:00:00,AMD
2006-12-30 00:00:00,37210000000,2010-02-22 00:00:00,INTC
2007-12-29 00:00:00,43220000000,2010-02-22 00:00:00,INTC
2008-12-27 00:00:00,39546000000,2010-02-22 00:00:00,INTC
2009-12-26 00:00:00,41704000000,2010-02-22 00:00:00,INTC
2010-12-25 00:00:00,49430000000,2011-02-18 00:00:00,INTC
2011-12-31 00:00:00,45911000000,2012-02-23 00:00:00,INTC
2012-12-29 00:00:00,51203000000,2013-02-19 00:00:00,INTC
2013-12-28 00:00:00,58256000000,2014-02-14 00:00:00,INTC
2014-12-27 00:00:00,55865000000,2015-02-13 00:00:00,INTC
2015-12-26 00:00:00,61085000000,2016-02-12 00:00:00,INTC
2016-12-31 00:00:00,66226000000,2017-02-17 00:00:00,INTC
2017-12-30 00:00:00,69019000000,2018-02-16 00:00:00,INTC
2018-12-29 00:00:00,74563000000,2019-02-01 00:00:00,INTC
2019-12-28 00:00:00,77504000000,2020-01-24 00:00:00,INTC
2020-12-26 00:00:00,81038000000,2021-01-22 00:00:00,INTC
2021-12-25 00:00:00,95391000000,2022-01-27 00:00:00,INTC
2022-12-31 00:00:00,101423000000,2023-01-27 00:00:00,INTC
2023-12-30 00:00:00,105590000000,2024-01-26 00:00:00,INTC
2024-12-28 00:00:00,99270000000,2025-01-31 00:00:00,INTC
2025-12-27 00:00:00,114281000000,2026-01-23 00:00:00,INTC
2009-06-30 00:00:00,178622000,2012-09-13 00:00:00,SMCI
2010-06-30 00:00:00,224701000,2012-09-13 00:00:00,SMCI
2011-06-30 00:00:00,287257000,2012-09-13 00:00:00,SMCI
2012-06-30 00:00:00,338351000,2012-09-13 00:00:00,SMCI
2013-06-30 00:00:00,373543000,2013-09-11 00:00:00,SMCI
2014-06-30 00:00:00,469056000,2014-09-15 00:00:00,SMCI
2015-06-30 00:00:00,618921000,2015-09-10 00:00:00,SMCI
2016-06-30 00:00:00,721195000,2016-08-26 00:00:00,SMCI
2017-06-30 00:00:00,773676000,2019-05-17 00:00:00,SMCI
2019-06-30 00:00:00,941015000,2019-12-19 00:00:00,SMCI
2018-06-30 00:00:00,843495000,2019-12-19 00:00:00,SMCI
2020-06-30 00:00:00,1065540000,2020-08-31 00:00:00,SMCI
2021-06-30 00:00:00,1096225000,2021-08-27 00:00:00,SMCI
2022-06-30 00:00:00,1425575000,2022-08-29 00:00:00,SMCI
2023-06-30 00:00:00,1972005000,2023-08-28 00:00:00,SMCI
2024-06-30 00:00:00,5417206000,2025-02-25 00:00:00,SMCI
2025-06-30 00:00:00,6301693000,2025-08-28 00:00:00,SMCI
2026-06-30 00:00:00,14479452000,2026-08-31 00:00:00,SMCI
2010-09-02 00:00:00,8020000000,2011-10-25 00:00:00,MU
2011-09-01 00:00:00,8470000000,2011-10-25 00:00:00,MU
2012-08-30 00:00:00,7700000000,2012-10-29 00:00:00,MU
2013-08-29 00:00:00,9142000000,2013-10-28 00:00:00,MU
2014-08-28 00:00:00,10771000000,2014-10-27 00:00:00,MU
2015-09-03 00:00:00,12302000000,2015-10-27 00:00:00,MU
2016-09-01 00:00:00,12080000000,2016-10-28 00:00:00,MU
2017-08-31 00:00:00,18621000000,2017-10-26 00:00:00,MU
2018-08-30 00:00:00,32294000000,2018-10-15 00:00:00,MU
2019-08-29 00:00:00,35881000000,2019-10-17 00:00:00,MU
2020-09-03 00:00:00,38996000000,2020-10-19 00:00:00,MU
2021-09-02 00:00:00,43933000000,2021-10-08 00:00:00,MU
2022-09-01 00:00:00,49907000000,2022-10-07 00:00:00,MU
2023-08-31 00:00:00,44120000000,2023-10-06 00:00:00,MU
2024-08-29 00:00:00,45131000000,2024-10-04 00:00:00,MU
2025-08-28 00:00:00,54165000000,2025-10-03 00:00:00,MU
2020-12-31 00:00:00,5000001,2021-03-31 00:00:00,RKLB
2019-12-31 00:00:00,-118529000,2022-03-24 00:00:00,RKLB
2021-12-31 00:00:00,698448000,2022-03-24 00:00:00,RKLB
2022-12-31 00:00:00,673206000,2023-03-07 00:00:00,RKLB
2023-12-31 00:00:00,554544000,2024-02-28 00:00:00,RKLB
2024-12-31 00:00:00,382453000,2025-02-27 00:00:00,RKLB
2025-12-31 00:00:00,1721854000,2026-02-26 00:00:00,RKLB
2007-06-29 00:00:00,1716000000,2010-08-13 00:00:00,WDC
2008-06-27 00:00:00,2696000000,2010-08-13 00:00:00,WDC
2009-07-03 00:00:00,3192000000,2010-08-13 00:00:00,WDC
2010-07-02 00:00:00,4709000000,2010-08-13 00:00:00,WDC
2011-07-01 00:00:00,5488000000,2011-08-12 00:00:00,WDC
2012-06-29 00:00:00,7669000000,2012-08-20 00:00:00,WDC
2013-06-28 00:00:00,7893000000,2013-08-19 00:00:00,WDC
2014-06-27 00:00:00,8842000000,2014-08-15 00:00:00,WDC
2015-07-03 00:00:00,9219000000,2015-08-21 00:00:00,WDC
2016-07-01 00:00:00,11145000000,2016-08-29 00:00:00,WDC
2017-06-30 00:00:00,11418000000,2017-08-29 00:00:00,WDC
2018-06-29 00:00:00,11531000000,2018-08-24 00:00:00,WDC
2019-06-28 00:00:00,9967000000,2019-08-27 00:00:00,WDC
2020-07-03 00:00:00,9551000000,2020-08-28 00:00:00,WDC
2021-07-02 00:00:00,10721000000,2021-08-27 00:00:00,WDC
2022-07-01 00:00:00,12221000000,2022-08-25 00:00:00,WDC
2023-06-30 00:00:00,10847000000,2023-08-22 00:00:00,WDC
2024-06-28 00:00:00,10818000000,2024-08-20 00:00:00,WDC
2025-06-27 00:00:00,5311000000,2025-08-14 00:00:00,WDC
2026-07-03 00:00:00,8864000000,2026-08-14 00:00:00,WDC
2008-06-27 00:00:00,4667000000,2011-08-17 00:00:00,STX
2009-07-03 00:00:00,1554000000,2011-08-17 00:00:00,STX
2010-07-02 00:00:00,2724000000,2011-08-17 00:00:00,STX
2011-07-01 00:00:00,2463000000,2011-08-17 00:00:00,STX
2012-06-29 00:00:00,3497000000,2012-08-09 00:00:00,STX
2013-06-28 00:00:00,3495000000,2013-08-08 00:00:00,STX
2014-06-27 00:00:00,2832000000,2014-08-08 00:00:00,STX
2015-07-03 00:00:00,3018000000,2015-08-12 00:00:00,STX
2016-07-01 00:00:00,1593000000,2016-08-05 00:00:00,STX
2017-06-30 00:00:00,1364000000,2017-08-04 00:00:00,STX
2018-06-29 00:00:00,1665000000,2018-08-03 00:00:00,STX
2019-06-28 00:00:00,2162000000,2019-08-02 00:00:00,STX
2020-07-03 00:00:00,1787000000,2020-08-07 00:00:00,STX
2021-07-02 00:00:00,631000000,2021-08-06 00:00:00,STX
2022-07-01 00:00:00,109000000,2022-08-05 00:00:00,STX
2023-06-30 00:00:00,-1199000000,2023-08-04 00:00:00,STX
2024-06-28 00:00:00,-1491000000,2024-08-02 00:00:00,STX
2025-06-27 00:00:00,-453000000,2025-08-01 00:00:00,STX
2026-07-03 00:00:00,2167000000,2026-08-04 00:00:00,STX
2019-01-31 00:00:00,-487793000,2020-03-23 00:00:00,CRWD
2020-01-31 00:00:00,742107000,2020-03-23 00:00:00,CRWD
2021-01-31 00:00:00,870574000,2021-03-18 00:00:00,CRWD
2022-01-31 00:00:00,1025764000,2022-03-16 00:00:00,CRWD
2023-01-31 00:00:00,1463641000,2023-03-09 00:00:00,CRWD
2024-01-31 00:00:00,2303950000,2024-03-07 00:00:00,CRWD
2025-01-31 00:00:00,3279494000,2025-03-10 00:00:00,CRWD
2026-01-31 00:00:00,4428390000,2026-03-05 00:00:00,CRWD
2017-12-31 00:00:00,-1501562000,2021-02-26 00:00:00,PLTR
2018-12-31 00:00:00,-1751428000,2021-02-26 00:00:00,PLTR
2019-12-31 00:00:00,-1980642000,2021-02-26 00:00:00,PLTR
2020-12-31 00:00:00,1522550000,2021-02-26 00:00:00,PLTR
2021-12-31 00:00:00,2291030000,2022-02-24 00:00:00,PLTR
2022-12-31 00:00:00,2565326000,2023-02-21 00:00:00,PLTR
2023-12-31 00:00:00,3475561000,2024-02-20 00:00:00,PLTR
2024-12-31 00:00:00,5003275000,2025-02-18 00:00:00,PLTR
2025-12-31 00:00:00,7387268000,2026-02-17 00:00:00,PLTR
2006-09-30 00:00:00,9984000000,2009-10-27 00:00:00,AAPL
2007-09-29 00:00:00,14532000000,2009-10-27 00:00:00,AAPL
2008-09-27 00:00:00,21030000000,2009-10-27 00:00:00,AAPL
2009-09-26 00:00:00,27832000000,2009-10-27 00:00:00,AAPL
2010-09-25 00:00:00,47791000000,2010-10-27 00:00:00,AAPL
2011-09-24 00:00:00,76615000000,2011-10-26 00:00:00,AAPL
2012-09-29 00:00:00,118210000000,2012-10-31 00:00:00,AAPL
2013-09-28 00:00:00,123549000000,2013-10-30 00:00:00,AAPL
2014-09-27 00:00:00,111547000000,2014-10-27 00:00:00,AAPL
2015-09-26 00:00:00,119355000000,2015-10-28 00:00:00,AAPL
2016-09-24 00:00:00,128249000000,2016-10-26 00:00:00,AAPL
2017-09-30 00:00:00,134047000000,2017-11-03 00:00:00,AAPL
2018-09-29 00:00:00,107147000000,2018-11-05 00:00:00,AAPL
2019-09-28 00:00:00,90488000000,2019-10-31 00:00:00,AAPL
2020-09-26 00:00:00,65339000000,2020-10-30 00:00:00,AAPL
2021-09-25 00:00:00,63090000000,2021-10-29 00:00:00,AAPL
2022-09-24 00:00:00,50672000000,2022-10-28 00:00:00,AAPL
2023-09-30 00:00:00,62146000000,2023-11-03 00:00:00,AAPL
2024-09-28 00:00:00,56950000000,2024-11-01 00:00:00,AAPL
2025-09-27 00:00:00,73733000000,2025-10-31 00:00:00,AAPL
2006-12-31 00:00:00,431000000,2010-01-29 00:00:00,AMZN
2007-12-31 00:00:00,1197000000,2010-01-29 00:00:00,AMZN
2008-12-31 00:00:00,2672000000,2010-01-29 00:00:00,AMZN
2009-12-31 00:00:00,5257000000,2010-01-29 00:00:00,AMZN
2010-12-31 00:00:00,6864000000,2011-01-28 00:00:00,AMZN
2011-12-31 00:00:00,7757000000,2012-02-01 00:00:00,AMZN
2012-12-31 00:00:00,8192000000,2013-01-30 00:00:00,AMZN
2013-12-31 00:00:00,9746000000,2014-01-31 00:00:00,AMZN
2014-12-31 00:00:00,10741000000,2015-01-30 00:00:00,AMZN
2015-12-31 00:00:00,13384000000,2016-01-29 00:00:00,AMZN
2016-12-31 00:00:00,19285000000,2017-02-10 00:00:00,AMZN
2017-12-31 00:00:00,27709000000,2018-02-02 00:00:00,AMZN
2018-12-31 00:00:00,43549000000,2019-02-01 00:00:00,AMZN
2019-12-31 00:00:00,62060000000,2020-01-31 00:00:00,AMZN
2020-12-31 00:00:00,93404000000,2021-02-03 00:00:00,AMZN
2021-12-31 00:00:00,138245000000,2022-02-04 00:00:00,AMZN
2022-12-31 00:00:00,146043000000,2023-02-03 00:00:00,AMZN
2023-12-31 00:00:00,201875000000,2024-02-02 00:00:00,AMZN
2024-12-31 00:00:00,285970000000,2025-02-07 00:00:00,AMZN
2025-12-31 00:00:00,411065000000,2026-02-06 00:00:00,AMZN
2017-10-29 00:00:00,20285000000,2018-12-21 00:00:00,AVGO
2018-11-04 00:00:00,26657000000,2018-12-21 00:00:00,AVGO
2019-11-03 00:00:00,24941000000,2019-12-20 00:00:00,AVGO
2009-07-25 00:00:00,38647000000,2010-09-21 00:00:00,CSCO
2010-07-31 00:00:00,44267000000,2010-09-21 00:00:00,CSCO
2011-07-30 00:00:00,47226000000,2011-09-14 00:00:00,CSCO
2012-07-28 00:00:00,51286000000,2012-09-12 00:00:00,CSCO
2013-07-27 00:00:00,59120000000,2013-09-10 00:00:00,CSCO
2014-07-26 00:00:00,56654000000,2014-09-09 00:00:00,CSCO
2015-07-25 00:00:00,59698000000,2015-09-08 00:00:00,CSCO
2016-07-30 00:00:00,63586000000,2016-09-08 00:00:00,CSCO
2017-07-29 00:00:00,66137000000,2017-09-07 00:00:00,CSCO
2018-07-28 00:00:00,43204000000,2018-09-06 00:00:00,CSCO
2019-07-27 00:00:00,33571000000,2019-09-05 00:00:00,CSCO
2020-07-25 00:00:00,37920000000,2020-09-03 00:00:00,CSCO
2021-07-31 00:00:00,41275000000,2021-09-09 00:00:00,CSCO
2022-07-30 00:00:00,39773000000,2022-09-08 00:00:00,CSCO
2023-07-29 00:00:00,44353000000,2023-09-07 00:00:00,CSCO
2024-07-27 00:00:00,45457000000,2024-09-05 00:00:00,CSCO
2025-07-26 00:00:00,46843000000,2025-09-03 00:00:00,CSCO
2026-07-25 00:00:00,50285000000,2026-09-02 00:00:00,CSCO
2006-12-01 00:00:00,5151876000,2010-01-22 00:00:00,ADBE
2007-11-30 00:00:00,4649982000,2010-01-22 00:00:00,ADBE
2008-11-28 00:00:00,4410354000,2010-01-22 00:00:00,ADBE
2009-11-27 00:00:00,4890568000,2010-01-22 00:00:00,ADBE
2010-12-03 00:00:00,5192387000,2011-01-27 00:00:00,ADBE
2011-12-02 00:00:00,5783113000,2012-01-26 00:00:00,ADBE
2012-11-30 00:00:00,6665182000,2013-01-22 00:00:00,ADBE
2013-11-29 00:00:00,6724634000,2014-01-21 00:00:00,ADBE
2014-11-28 00:00:00,6775905000,2015-01-20 00:00:00,ADBE
2015-11-27 00:00:00,7001580000,2016-01-19 00:00:00,ADBE
2016-12-02 00:00:00,7424835000,2017-01-20 00:00:00,ADBE
2017-12-01 00:00:00,8459869000,2018-01-22 00:00:00,ADBE
2018-11-30 00:00:00,9362114000,2019-01-25 00:00:00,ADBE
2019-11-29 00:00:00,10530155000,2020-01-21 00:00:00,ADBE
2020-11-27 00:00:00,13264000000,2021-01-15 00:00:00,ADBE
2021-12-03 00:00:00,14797000000,2022-01-21 00:00:00,ADBE
2022-12-02 00:00:00,14051000000,2023-01-17 00:00:00,ADBE
2023-12-01 00:00:00,16518000000,2024-01-17 00:00:00,ADBE
2024-11-29 00:00:00,14105000000,2025-01-13 00:00:00,ADBE
2025-11-28 00:00:00,11623000000,2026-01-15 00:00:00,ADBE
2009-01-31 00:00:00,671784000,2010-03-11 00:00:00,CRM
2010-01-31 00:00:00,1043802000,2010-03-11 00:00:00,CRM
2011-01-31 00:00:00,1276491000,2011-03-23 00:00:00,CRM
2012-01-31 00:00:00,1587360000,2013-03-08 00:00:00,CRM
2013-01-31 00:00:00,2317633000,2013-03-08 00:00:00,CRM
2014-01-31 00:00:00,3038510000,2014-03-05 00:00:00,CRM
2015-01-31 00:00:00,3975183000,2015-03-06 00:00:00,CRM
2016-01-31 00:00:00,5002869000,2016-03-07 00:00:00,CRM
2017-01-31 00:00:00,7500127000,2017-03-06 00:00:00,CRM
2018-01-31 00:00:00,9388496000,2018-03-09 00:00:00,CRM
2019-01-31 00:00:00,15605000000,2019-03-08 00:00:00,CRM
2020-01-31 00:00:00,33885000000,2020-03-05 00:00:00,CRM
2021-01-31 00:00:00,41493000000,2021-03-17 00:00:00,CRM
2022-01-31 00:00:00,58131000000,2022-03-11 00:00:00,CRM
2023-01-31 00:00:00,58359000000,2023-03-08 00:00:00,CRM
2024-01-31 00:00:00,59646000000,2024-03-06 00:00:00,CRM
2025-01-31 00:00:00,61173000000,2025-03-05 00:00:00,CRM
2026-01-31 00:00:00,59142000000,2026-03-02 00:00:00,CRM
2006-12-31 00:00:00,413618000,2010-02-22 00:00:00,NFLX
2007-12-31 00:00:00,429812000,2010-02-22 00:00:00,NFLX
2008-12-31 00:00:00,347155000,2010-02-22 00:00:00,NFLX
2009-12-31 00:00:00,199143000,2010-02-22 00:00:00,NFLX
2010-12-31 00:00:00,290164000,2011-02-18 00:00:00,NFLX
2011-12-31 00:00:00,642810000,2012-02-10 00:00:00,NFLX
2012-12-31 00:00:00,744673000,2013-02-01 00:00:00,NFLX
2013-12-31 00:00:00,1333561000,2014-02-03 00:00:00,NFLX
2014-12-31 00:00:00,1857708000,2015-01-29 00:00:00,NFLX
2015-12-31 00:00:00,2223426000,2016-01-28 00:00:00,NFLX
2016-12-31 00:00:00,2679800000,2017-01-27 00:00:00,NFLX
2017-12-31 00:00:00,3581956000,2018-01-29 00:00:00,NFLX
2018-12-31 00:00:00,5238765000,2019-01-29 00:00:00,NFLX
2019-12-31 00:00:00,7582157000,2020-01-29 00:00:00,NFLX
2020-12-31 00:00:00,11065240000,2021-01-28 00:00:00,NFLX
2021-12-31 00:00:00,15849248000,2022-01-27 00:00:00,NFLX
2022-12-31 00:00:00,20777401000,2023-01-26 00:00:00,NFLX
2023-12-31 00:00:00,20588313000,2024-01-26 00:00:00,NFLX
2024-12-31 00:00:00,24743567000,2025-01-27 00:00:00,NFLX
2025-12-31 00:00:00,26615488000,2026-01-23 00:00:00,NFLX
2006-09-24 00:00:00,13406000000,2009-11-05 00:00:00,QCOM
2007-09-30 00:00:00,15835000000,2009-11-05 00:00:00,QCOM
2008-09-28 00:00:00,17944000000,2009-11-05 00:00:00,QCOM
2009-09-27 00:00:00,20316000000,2009-11-05 00:00:00,QCOM
2010-09-26 00:00:00,20858000000,2010-11-03 00:00:00,QCOM
2011-09-25 00:00:00,26951000000,2011-11-02 00:00:00,QCOM
2012-09-30 00:00:00,33523000000,2012-11-07 00:00:00,QCOM
2013-09-29 00:00:00,36088000000,2013-11-06 00:00:00,QCOM
2014-09-28 00:00:00,39169000000,2014-11-05 00:00:00,QCOM
2015-09-27 00:00:00,31421000000,2015-11-04 00:00:00,QCOM
2016-09-25 00:00:00,31778000000,2016-11-02 00:00:00,QCOM
2017-09-24 00:00:00,30746000000,2017-11-01 00:00:00,QCOM
2018-09-30 00:00:00,807000000,2019-11-06 00:00:00,QCOM
2019-09-29 00:00:00,4909000000,2019-11-06 00:00:00,QCOM
2008-12-31 00:00:00,9326000000,2010-02-23 00:00:00,TXN
2009-12-31 00:00:00,9722000000,2010-02-23 00:00:00,TXN
2010-12-31 00:00:00,10437000000,2011-02-25 00:00:00,TXN
2011-12-31 00:00:00,10952000000,2012-02-24 00:00:00,TXN
2012-12-31 00:00:00,10961000000,2013-02-22 00:00:00,TXN
2013-12-31 00:00:00,10807000000,2014-02-24 00:00:00,TXN
2014-12-31 00:00:00,10390000000,2015-02-24 00:00:00,TXN
2015-12-31 00:00:00,9946000000,2016-02-24 00:00:00,TXN
2016-12-31 00:00:00,10473000000,2017-02-23 00:00:00,TXN
2017-12-31 00:00:00,10337000000,2018-02-22 00:00:00,TXN
2018-12-31 00:00:00,8994000000,2019-02-22 00:00:00,TXN
2019-12-31 00:00:00,8907000000,2020-02-20 00:00:00,TXN
2020-12-31 00:00:00,9187000000,2021-02-05 00:00:00,TXN
2021-12-31 00:00:00,13333000000,2022-02-04 00:00:00,TXN
2022-12-31 00:00:00,14577000000,2023-02-03 00:00:00,TXN
2023-12-31 00:00:00,16897000000,2024-02-02 00:00:00,TXN
2024-12-31 00:00:00,16903000000,2025-02-14 00:00:00,TXN
2025-12-31 00:00:00,16273000000,2026-02-06 00:00:00,TXN
2008-12-31 00:00:00,166884000000,2010-02-24 00:00:00,JPM
2009-12-31 00:00:00,165365000000,2010-02-24 00:00:00,JPM
2010-12-31 00:00:00,176106000000,2011-02-28 00:00:00,JPM
2011-12-31 00:00:00,183573000000,2012-02-29 00:00:00,JPM
2012-12-31 00:00:00,204069000000,2013-02-28 00:00:00,JPM
2013-12-31 00:00:00,211178000000,2014-02-20 00:00:00,JPM
2014-12-31 00:00:00,232065000000,2015-02-24 00:00:00,JPM
2015-12-31 00:00:00,247573000000,2016-02-23 00:00:00,JPM
2016-12-31 00:00:00,254190000000,2017-02-28 00:00:00,JPM
2017-12-31 00:00:00,255693000000,2018-02-27 00:00:00,JPM
2018-12-31 00:00:00,256515000000,2019-02-26 00:00:00,JPM
2019-12-31 00:00:00,261330000000,2020-02-25 00:00:00,JPM
2020-12-31 00:00:00,279354000000,2021-02-23 00:00:00,JPM
2021-12-31 00:00:00,294127000000,2022-02-22 00:00:00,JPM
2022-12-31 00:00:00,292332000000,2023-02-21 00:00:00,JPM
2023-12-31 00:00:00,327878000000,2024-02-16 00:00:00,JPM
2024-12-31 00:00:00,344758000000,2025-02-14 00:00:00,JPM
2025-12-31 00:00:00,362438000000,2026-02-13 00:00:00,JPM
2006-12-31 00:00:00,135272000000,2010-02-26 00:00:00,BAC
2007-12-31 00:00:00,146803000000,2010-02-26 00:00:00,BAC
2008-12-31 00:00:00,177052000000,2010-02-26 00:00:00,BAC
2009-12-31 00:00:00,231444000000,2010-02-26 00:00:00,BAC
2010-12-31 00:00:00,228248000000,2011-02-25 00:00:00,BAC
2011-12-31 00:00:00,230101000000,2012-02-23 00:00:00,BAC
2012-12-31 00:00:00,236956000000,2013-02-28 00:00:00,BAC
2013-12-31 00:00:00,232685000000,2014-02-25 00:00:00,BAC
2014-12-31 00:00:00,243471000000,2015-02-25 00:00:00,BAC
2015-12-31 00:00:00,256205000000,2016-02-24 00:00:00,BAC
2016-12-31 00:00:00,266840000000,2017-02-23 00:00:00,BAC
2017-12-31 00:00:00,267146000000,2018-02-22 00:00:00,BAC
2018-12-31 00:00:00,265325000000,2019-02-26 00:00:00,BAC
2019-12-31 00:00:00,264810000000,2020-02-19 00:00:00,BAC
2020-12-31 00:00:00,272924000000,2021-02-24 00:00:00,BAC
2021-12-31 00:00:00,270066000000,2022-02-22 00:00:00,BAC
2022-12-31 00:00:00,273197000000,2023-02-22 00:00:00,BAC
2023-12-31 00:00:00,291646000000,2024-02-20 00:00:00,BAC
2024-12-31 00:00:00,295559000000,2025-02-25 00:00:00,BAC
2025-12-31 00:00:00,303243000000,2026-02-25 00:00:00,BAC
2008-12-31 00:00:00,99084000000,2010-02-26 00:00:00,WFC
2009-12-31 00:00:00,111786000000,2010-02-26 00:00:00,WFC
2010-12-31 00:00:00,126408000000,2011-02-25 00:00:00,WFC
2011-12-31 00:00:00,140241000000,2012-02-28 00:00:00,WFC
2012-12-31 00:00:00,157554000000,2013-02-27 00:00:00,WFC
2013-12-31 00:00:00,170142000000,2014-02-26 00:00:00,WFC
2014-12-31 00:00:00,184394000000,2015-02-25 00:00:00,WFC
2015-12-31 00:00:00,192998000000,2016-02-24 00:00:00,WFC
2016-12-31 00:00:00,199581000000,2017-03-01 00:00:00,WFC
2017-12-31 00:00:00,206936000000,2018-03-01 00:00:00,WFC
2018-12-31 00:00:00,196166000000,2019-02-27 00:00:00,WFC
2019-12-31 00:00:00,187146000000,2020-02-27 00:00:00,WFC
2020-12-31 00:00:00,184887000000,2021-02-23 00:00:00,WFC
2021-12-31 00:00:00,187606000000,2022-02-22 00:00:00,WFC
2022-12-31 00:00:00,179889000000,2023-02-21 00:00:00,WFC
2023-12-31 00:00:00,185735000000,2024-02-20 00:00:00,WFC
2024-12-31 00:00:00,179120000000,2025-02-25 00:00:00,WFC
2025-12-31 00:00:00,181117000000,2026-02-24 00:00:00,WFC
2006-09-30 00:00:00,583000000,2009-11-20 00:00:00,V
2007-09-30 00:00:00,-501000000,2009-11-20 00:00:00,V
2008-09-30 00:00:00,21141000000,2009-11-20 00:00:00,V
2009-09-30 00:00:00,23189000000,2009-11-20 00:00:00,V
2010-09-30 00:00:00,25011000000,2010-11-19 00:00:00,V
2011-09-30 00:00:00,26437000000,2011-11-18 00:00:00,V
2008-12-31 00:00:00,1927355000,2010-02-18 00:00:00,MA
2009-12-31 00:00:00,3503760000,2010-02-18 00:00:00,MA
2010-12-31 00:00:00,5205000000,2011-02-24 00:00:00,MA
2011-12-31 00:00:00,5868000000,2012-02-16 00:00:00,MA
2012-12-31 00:00:00,6917000000,2013-02-14 00:00:00,MA
2013-12-31 00:00:00,7484000000,2014-02-14 00:00:00,MA
2014-12-31 00:00:00,6790000000,2015-02-13 00:00:00,MA
2015-12-31 00:00:00,6028000000,2016-02-12 00:00:00,MA
2016-12-31 00:00:00,5656000000,2017-02-15 00:00:00,MA
2017-12-31 00:00:00,5468000000,2018-02-14 00:00:00,MA
2018-12-31 00:00:00,5395000000,2019-02-13 00:00:00,MA
2019-12-31 00:00:00,5893000000,2020-02-14 00:00:00,MA
2020-12-31 00:00:00,6391000000,2021-02-12 00:00:00,MA
2021-12-31 00:00:00,7312000000,2022-02-11 00:00:00,MA
2022-12-31 00:00:00,6298000000,2023-02-14 00:00:00,MA
2023-12-31 00:00:00,6929000000,2024-02-13 00:00:00,MA
2024-12-31 00:00:00,6485000000,2025-02-12 00:00:00,MA
2025-12-31 00:00:00,7737000000,2026-02-11 00:00:00,MA
2008-12-31 00:00:00,57556000000,2010-02-26 00:00:00,PFE
2009-12-31 00:00:00,90014000000,2010-02-26 00:00:00,PFE
2010-12-31 00:00:00,87813000000,2011-02-28 00:00:00,PFE
2011-12-31 00:00:00,82190000000,2012-02-28 00:00:00,PFE
2012-12-31 00:00:00,81260000000,2013-02-28 00:00:00,PFE
2013-12-31 00:00:00,76307000000,2014-02-28 00:00:00,PFE
2014-12-31 00:00:00,71301000000,2015-02-27 00:00:00,PFE
2015-12-31 00:00:00,64720000000,2016-02-29 00:00:00,PFE
2016-12-31 00:00:00,59544000000,2017-02-23 00:00:00,PFE
2017-12-31 00:00:00,71308000000,2018-02-22 00:00:00,PFE
2018-12-31 00:00:00,63407000000,2019-02-28 00:00:00,PFE
2019-12-31 00:00:00,63143000000,2020-02-27 00:00:00,PFE
2020-12-31 00:00:00,63238000000,2021-02-25 00:00:00,PFE
2021-12-31 00:00:00,77201000000,2022-02-24 00:00:00,PFE
2022-12-31 00:00:00,95661000000,2023-02-23 00:00:00,PFE
2023-12-31 00:00:00,89014000000,2024-02-22 00:00:00,PFE
2024-12-31 00:00:00,88203000000,2025-02-27 00:00:00,PFE
2025-12-31 00:00:00,86476000000,2026-02-26 00:00:00,PFE
2008-12-31 00:00:00,18758300000,2010-03-01 00:00:00,MRK
2009-12-31 00:00:00,59058000000,2010-03-01 00:00:00,MRK
2010-12-31 00:00:00,54376000000,2011-02-28 00:00:00,MRK
2011-12-31 00:00:00,54517000000,2012-02-28 00:00:00,MRK
2012-12-31 00:00:00,53020000000,2013-02-28 00:00:00,MRK
2013-12-31 00:00:00,49765000000,2014-02-27 00:00:00,MRK
2014-12-31 00:00:00,48647000000,2015-02-27 00:00:00,MRK
2015-12-31 00:00:00,44676000000,2016-02-26 00:00:00,MRK
2016-12-31 00:00:00,40088000000,2017-02-28 00:00:00,MRK
2017-12-31 00:00:00,34336000000,2018-02-27 00:00:00,MRK
2018-12-31 00:00:00,26701000000,2019-02-27 00:00:00,MRK
2019-12-31 00:00:00,25907000000,2020-02-26 00:00:00,MRK
2020-12-31 00:00:00,25317000000,2021-02-25 00:00:00,MRK
2021-12-31 00:00:00,38184000000,2022-02-25 00:00:00,MRK
2022-12-31 00:00:00,45991000000,2023-02-24 00:00:00,MRK
2023-12-31 00:00:00,37581000000,2024-02-26 00:00:00,MRK
2024-12-31 00:00:00,46313000000,2025-02-25 00:00:00,MRK
2025-12-31 00:00:00,52606000000,2026-02-24 00:00:00,MRK
2006-12-31 00:00:00,20810000000,2010-02-10 00:00:00,UNH
2007-12-31 00:00:00,20063000000,2010-02-10 00:00:00,UNH
2008-12-31 00:00:00,20780000000,2010-02-10 00:00:00,UNH
2009-12-31 00:00:00,23606000000,2010-02-10 00:00:00,UNH
2010-12-31 00:00:00,25825000000,2011-02-10 00:00:00,UNH
2011-12-31 00:00:00,28292000000,2012-02-09 00:00:00,UNH
2012-12-31 00:00:00,31178000000,2013-02-07 00:00:00,UNH
2013-12-31 00:00:00,32149000000,2014-02-12 00:00:00,UNH
2014-12-31 00:00:00,32454000000,2015-02-10 00:00:00,UNH
2007-06-30 00:00:00,67012000000,2010-08-13 00:00:00,PG
2008-06-30 00:00:00,69784000000,2010-08-13 00:00:00,PG
2009-06-30 00:00:00,63382000000,2010-08-13 00:00:00,PG
2010-06-30 00:00:00,61439000000,2010-08-13 00:00:00,PG
2011-06-30 00:00:00,68001000000,2011-08-10 00:00:00,PG
2012-06-30 00:00:00,64035000000,2012-08-08 00:00:00,PG
2013-06-30 00:00:00,68709000000,2013-08-08 00:00:00,PG
2014-06-30 00:00:00,69976000000,2014-08-08 00:00:00,PG
2015-06-30 00:00:00,63050000000,2015-08-07 00:00:00,PG
2016-06-30 00:00:00,57983000000,2016-08-09 00:00:00,PG
2017-06-30 00:00:00,55778000000,2017-08-07 00:00:00,PG
2018-06-30 00:00:00,52883000000,2018-08-07 00:00:00,PG
2019-06-30 00:00:00,47579000000,2019-08-06 00:00:00,PG
2020-06-30 00:00:00,46878000000,2020-08-06 00:00:00,PG
2021-06-30 00:00:00,46654000000,2021-08-06 00:00:00,PG
2022-06-30 00:00:00,46854000000,2022-08-05 00:00:00,PG
2023-06-30 00:00:00,47065000000,2023-08-04 00:00:00,PG
2024-06-30 00:00:00,50559000000,2024-08-05 00:00:00,PG
2025-06-30 00:00:00,52284000000,2025-08-04 00:00:00,PG
2026-06-30 00:00:00,54311000000,2026-08-04 00:00:00,PG
2008-12-27 00:00:00,12203000000,2010-02-22 00:00:00,PEP
2009-12-26 00:00:00,16908000000,2010-02-22 00:00:00,PEP
2010-12-25 00:00:00,21273000000,2011-02-18 00:00:00,PEP
2011-12-31 00:00:00,20704000000,2012-02-27 00:00:00,PEP
2012-12-29 00:00:00,22417000000,2013-02-21 00:00:00,PEP
2013-12-28 00:00:00,24409000000,2014-02-14 00:00:00,PEP
2014-12-27 00:00:00,17578000000,2015-02-12 00:00:00,PEP
2015-12-26 00:00:00,12068000000,2016-02-11 00:00:00,PEP
2016-12-31 00:00:00,11246000000,2017-02-15 00:00:00,PEP
2017-12-30 00:00:00,11045000000,2018-02-13 00:00:00,PEP
2018-12-29 00:00:00,14518000000,2019-02-15 00:00:00,PEP
2019-12-28 00:00:00,14786000000,2020-02-13 00:00:00,PEP
2020-12-26 00:00:00,13454000000,2021-02-11 00:00:00,PEP
2021-12-25 00:00:00,16043000000,2022-02-10 00:00:00,PEP
2022-12-31 00:00:00,17149000000,2023-02-09 00:00:00,PEP
2023-12-30 00:00:00,18503000000,2024-02-09 00:00:00,PEP
2024-12-28 00:00:00,18041000000,2025-02-04 00:00:00,PEP
2025-12-27 00:00:00,20406000000,2026-02-03 00:00:00,PEP
2009-01-31 00:00:00,65285000000,2010-03-30 00:00:00,WMT
2010-01-31 00:00:00,70749000000,2010-03-30 00:00:00,WMT
2011-01-31 00:00:00,68542000000,2011-03-30 00:00:00,WMT
2012-01-31 00:00:00,71315000000,2012-03-27 00:00:00,WMT
2013-01-31 00:00:00,76343000000,2013-03-26 00:00:00,WMT
2014-01-31 00:00:00,76255000000,2014-03-21 00:00:00,WMT
2015-01-31 00:00:00,81394000000,2015-04-01 00:00:00,WMT
2016-01-31 00:00:00,80546000000,2016-03-30 00:00:00,WMT
2017-01-31 00:00:00,77798000000,2017-03-31 00:00:00,WMT
2018-01-31 00:00:00,77869000000,2018-03-30 00:00:00,WMT
2019-01-31 00:00:00,72496000000,2019-03-28 00:00:00,WMT
2020-01-31 00:00:00,74669000000,2020-03-20 00:00:00,WMT
2021-01-31 00:00:00,80925000000,2021-03-19 00:00:00,WMT
2022-01-31 00:00:00,83253000000,2022-03-18 00:00:00,WMT
2023-01-31 00:00:00,76693000000,2023-03-17 00:00:00,WMT
2024-01-31 00:00:00,83861000000,2024-03-15 00:00:00,WMT
2025-01-31 00:00:00,91013000000,2025-03-14 00:00:00,WMT
2026-01-31 00:00:00,99617000000,2026-03-13 00:00:00,WMT
2009-08-30 00:00:00,10024000000,2010-10-18 00:00:00,COST
2010-08-29 00:00:00,10829000000,2010-10-18 00:00:00,COST
2011-08-28 00:00:00,12002000000,2011-10-14 00:00:00,COST
2012-09-02 00:00:00,12361000000,2012-10-19 00:00:00,COST
2013-09-01 00:00:00,10833000000,2013-10-16 00:00:00,COST
2014-08-31 00:00:00,12303000000,2014-10-15 00:00:00,COST
2015-08-30 00:00:00,10617000000,2015-10-14 00:00:00,COST
2016-08-28 00:00:00,12079000000,2016-10-12 00:00:00,COST
2017-09-03 00:00:00,10778000000,2017-10-18 00:00:00,COST
2018-09-02 00:00:00,12799000000,2018-10-26 00:00:00,COST
2019-09-01 00:00:00,15243000000,2019-10-11 00:00:00,COST
2020-08-30 00:00:00,18284000000,2020-10-07 00:00:00,COST
2021-08-29 00:00:00,17564000000,2021-10-06 00:00:00,COST
2022-08-28 00:00:00,20642000000,2022-10-05 00:00:00,COST
2023-09-03 00:00:00,25058000000,2023-10-11 00:00:00,COST
2024-09-01 00:00:00,23622000000,2024-10-09 00:00:00,COST
2025-08-31 00:00:00,29164000000,2025-10-08 00:00:00,COST
2007-01-28 00:00:00,25030000000,2010-03-25 00:00:00,HD
2008-02-03 00:00:00,17714000000,2010-03-25 00:00:00,HD
2009-02-01 00:00:00,17777000000,2010-03-25 00:00:00,HD
2010-01-31 00:00:00,19393000000,2010-03-25 00:00:00,HD
2011-01-30 00:00:00,18889000000,2011-03-24 00:00:00,HD
2012-01-29 00:00:00,17898000000,2012-03-22 00:00:00,HD
2013-02-03 00:00:00,17777000000,2013-03-28 00:00:00,HD
2014-02-02 00:00:00,12522000000,2014-03-27 00:00:00,HD
2015-02-01 00:00:00,9322000000,2015-03-26 00:00:00,HD
2016-01-31 00:00:00,6316000000,2016-03-24 00:00:00,HD
2017-01-29 00:00:00,4333000000,2017-03-23 00:00:00,HD
2018-01-28 00:00:00,1454000000,2018-03-22 00:00:00,HD
2019-02-03 00:00:00,-1878000000,2019-03-28 00:00:00,HD
2020-02-02 00:00:00,-3116000000,2020-03-25 00:00:00,HD
2021-01-31 00:00:00,3299000000,2021-03-24 00:00:00,HD
2022-01-30 00:00:00,-1696000000,2022-03-23 00:00:00,HD
2023-01-29 00:00:00,1562000000,2023-03-15 00:00:00,HD
2024-01-28 00:00:00,1044000000,2024-03-13 00:00:00,HD
2025-02-02 00:00:00,6640000000,2025-03-21 00:00:00,HD
2026-02-01 00:00:00,12813000000,2026-03-18 00:00:00,HD
2007-05-31 00:00:00,7025400000,2010-07-20 00:00:00,NKE
2008-05-31 00:00:00,7825300000,2010-07-20 00:00:00,NKE
2009-05-31 00:00:00,8693100000,2010-07-20 00:00:00,NKE
2010-05-31 00:00:00,9753700000,2010-07-20 00:00:00,NKE
2011-05-31 00:00:00,9843000000,2011-07-22 00:00:00,NKE
2012-05-31 00:00:00,10381000000,2012-07-24 00:00:00,NKE
2013-05-31 00:00:00,11156000000,2013-07-23 00:00:00,NKE
2014-05-31 00:00:00,10824000000,2014-07-25 00:00:00,NKE
2015-05-31 00:00:00,12707000000,2015-07-23 00:00:00,NKE
2016-05-31 00:00:00,12258000000,2016-07-21 00:00:00,NKE
2017-05-31 00:00:00,12407000000,2017-07-20 00:00:00,NKE
2018-05-31 00:00:00,9812000000,2018-07-25 00:00:00,NKE
2019-05-31 00:00:00,9040000000,2019-07-23 00:00:00,NKE
2020-05-31 00:00:00,8055000000,2020-07-24 00:00:00,NKE
2021-05-31 00:00:00,12767000000,2021-07-20 00:00:00,NKE
2022-05-31 00:00:00,15281000000,2022-07-21 00:00:00,NKE
2023-05-31 00:00:00,14004000000,2023-07-20 00:00:00,NKE
2024-05-31 00:00:00,14430000000,2024-07-25 00:00:00,NKE
2025-05-31 00:00:00,13213000000,2025-07-17 00:00:00,NKE
2026-05-31 00:00:00,14865000000,2026-07-15 00:00:00,NKE
2006-12-31 00:00:00,15458300000,2010-02-26 00:00:00,MCD
2007-12-31 00:00:00,15279800000,2010-02-26 00:00:00,MCD
2008-12-31 00:00:00,13382600000,2010-02-26 00:00:00,MCD
2009-12-31 00:00:00,14033900000,2010-02-26 00:00:00,MCD
2010-12-31 00:00:00,14634200000,2011-02-25 00:00:00,MCD
2011-12-31 00:00:00,14390200000,2012-02-24 00:00:00,MCD
2012-12-31 00:00:00,15293600000,2013-02-25 00:00:00,MCD
2013-12-31 00:00:00,16009700000,2014-02-24 00:00:00,MCD
2014-12-31 00:00:00,12853400000,2015-02-24 00:00:00,MCD
2015-12-31 00:00:00,7087900000,2016-02-25 00:00:00,MCD
2016-12-31 00:00:00,-2204300000,2017-03-01 00:00:00,MCD
2017-12-31 00:00:00,-3268000000,2018-02-23 00:00:00,MCD
2018-12-31 00:00:00,-6258400000,2019-02-22 00:00:00,MCD
2019-12-31 00:00:00,-8210300000,2020-02-26 00:00:00,MCD
2020-12-31 00:00:00,-7824900000,2021-02-23 00:00:00,MCD
2021-12-31 00:00:00,-4601000000,2022-02-24 00:00:00,MCD
2022-12-31 00:00:00,-6003400000,2023-02-24 00:00:00,MCD
2023-12-31 00:00:00,-4706700000,2024-02-22 00:00:00,MCD
2024-12-31 00:00:00,-3797000000,2025-02-25 00:00:00,MCD
2025-12-31 00:00:00,-1791000000,2026-02-24 00:00:00,MCD
2007-12-31 00:00:00,77088000000,2010-02-25 00:00:00,CVX
2008-12-31 00:00:00,86648000000,2010-02-25 00:00:00,CVX
2009-12-31 00:00:00,91914000000,2010-02-25 00:00:00,CVX
2010-12-31 00:00:00,105081000000,2011-02-24 00:00:00,CVX
2011-12-31 00:00:00,121382000000,2012-02-23 00:00:00,CVX
2012-12-31 00:00:00,136524000000,2013-02-22 00:00:00,CVX
2013-12-31 00:00:00,149113000000,2014-02-21 00:00:00,CVX
2014-12-31 00:00:00,155028000000,2015-02-20 00:00:00,CVX
2015-12-31 00:00:00,152716000000,2016-02-25 00:00:00,CVX
2016-12-31 00:00:00,145556000000,2017-02-23 00:00:00,CVX
2017-12-31 00:00:00,148124000000,2018-02-22 00:00:00,CVX
2018-12-31 00:00:00,154554000000,2019-02-22 00:00:00,CVX
2019-12-31 00:00:00,144213000000,2020-02-21 00:00:00,CVX
2020-12-31 00:00:00,131688000000,2021-02-25 00:00:00,CVX
2021-12-31 00:00:00,139067000000,2022-02-24 00:00:00,CVX
2022-12-31 00:00:00,159282000000,2023-02-23 00:00:00,CVX
2023-12-31 00:00:00,160957000000,2024-02-26 00:00:00,CVX
2024-12-31 00:00:00,152318000000,2025-02-21 00:00:00,CVX
2025-12-31 00:00:00,186450000000,2026-02-24 00:00:00,CVX
2008-12-31 00:00:00,7187000000,2010-02-12 00:00:00,HON
2009-12-31 00:00:00,8844000000,2010-02-12 00:00:00,HON
2010-12-31 00:00:00,10666000000,2011-02-11 00:00:00,HON
2011-12-31 00:00:00,10806000000,2012-02-17 00:00:00,HON
2012-12-31 00:00:00,12975000000,2013-02-15 00:00:00,HON
2013-12-31 00:00:00,17467000000,2014-02-14 00:00:00,HON
2014-12-31 00:00:00,17657000000,2015-02-13 00:00:00,HON
2015-12-31 00:00:00,18283000000,2016-02-12 00:00:00,HON
2016-12-31 00:00:00,19369000000,2017-02-10 00:00:00,HON
2017-12-31 00:00:00,17276000000,2018-02-09 00:00:00,HON
2018-12-31 00:00:00,18180000000,2019-02-08 00:00:00,HON
2019-12-31 00:00:00,18494000000,2020-02-14 00:00:00,HON
2020-12-31 00:00:00,17549000000,2021-02-12 00:00:00,HON
2021-12-31 00:00:00,18569000000,2022-02-11 00:00:00,HON
2022-12-31 00:00:00,16697000000,2023-02-10 00:00:00,HON
2023-12-31 00:00:00,15856000000,2024-02-16 00:00:00,HON
2024-12-31 00:00:00,18619000000,2025-02-14 00:00:00,HON
2025-12-31 00:00:00,13904000000,2026-02-17 00:00:00,HON
2006-12-31 00:00:00,6937000000,2010-02-19 00:00:00,CAT
2007-12-31 00:00:00,8996000000,2010-02-19 00:00:00,CAT
2008-12-31 00:00:00,6190000000,2010-02-19 00:00:00,CAT
2009-12-31 00:00:00,8823000000,2010-02-19 00:00:00,CAT
2010-12-31 00:00:00,10864000000,2011-02-22 00:00:00,CAT
2011-12-31 00:00:00,12929000000,2012-02-21 00:00:00,CAT
2012-12-31 00:00:00,17582000000,2013-02-19 00:00:00,CAT
2013-12-31 00:00:00,20878000000,2014-02-18 00:00:00,CAT
2014-12-31 00:00:00,16826000000,2015-02-17 00:00:00,CAT
2015-12-31 00:00:00,14885000000,2016-02-16 00:00:00,CAT
2016-12-31 00:00:00,13213000000,2017-02-15 00:00:00,CAT
2017-01-01 00:00:00,13228000000,2018-02-15 00:00:00,CAT
2017-12-31 00:00:00,13766000000,2018-02-15 00:00:00,CAT
2018-12-31 00:00:00,14080000000,2019-02-14 00:00:00,CAT
2018-01-01 00:00:00,13719000000,2019-02-14 00:00:00,CAT
2019-01-01 00:00:00,14315000000,2020-02-19 00:00:00,CAT
2019-12-31 00:00:00,14629000000,2020-02-19 00:00:00,CAT
2020-12-31 00:00:00,15378000000,2021-02-17 00:00:00,CAT
2021-12-31 00:00:00,16516000000,2022-02-16 00:00:00,CAT
2022-12-31 00:00:00,15891000000,2023-02-15 00:00:00,CAT
2023-12-31 00:00:00,19503000000,2024-02-16 00:00:00,CAT
2024-12-31 00:00:00,19494000000,2025-02-14 00:00:00,CAT
2025-12-31 00:00:00,21318000000,2026-02-13 00:00:00,CAT
2006-12-31 00:00:00,111509000000,2010-02-19 00:00:00,GE
2007-12-31 00:00:00,115559000000,2010-02-19 00:00:00,GE
2008-12-31 00:00:00,104665000000,2010-02-19 00:00:00,GE
2009-12-31 00:00:00,117291000000,2010-02-19 00:00:00,GE
2010-12-31 00:00:00,118936000000,2011-02-25 00:00:00,GE
2011-12-31 00:00:00,116438000000,2012-02-24 00:00:00,GE
2012-12-31 00:00:00,123026000000,2013-02-26 00:00:00,GE
2013-12-31 00:00:00,130566000000,2014-02-27 00:00:00,GE
2014-12-31 00:00:00,128159000000,2015-02-27 00:00:00,GE
2015-12-31 00:00:00,98274000000,2016-02-26 00:00:00,GE
2016-12-31 00:00:00,75828000000,2017-02-24 00:00:00,GE
2017-12-31 00:00:00,64263000000,2018-02-23 00:00:00,GE
2018-12-31 00:00:00,30981000000,2019-02-26 00:00:00,GE
2019-12-31 00:00:00,28316000000,2020-02-24 00:00:00,GE
2020-12-31 00:00:00,35552000000,2021-02-12 00:00:00,GE
2021-12-31 00:00:00,40310000000,2022-02-11 00:00:00,GE
2022-12-31 00:00:00,36366000000,2023-02-10 00:00:00,GE
2023-12-31 00:00:00,27378000000,2024-02-02 00:00:00,GE
2024-12-31 00:00:00,19342000000,2025-02-03 00:00:00,GE
2025-12-31 00:00:00,18677000000,2026-01-29 00:00:00,GE
2007-12-31 00:00:00,14463600000,2010-02-26 00:00:00,TMO
2008-12-31 00:00:00,14926500000,2010-02-26 00:00:00,TMO
2009-12-31 00:00:00,15430900000,2010-02-26 00:00:00,TMO
2010-12-31 00:00:00,15361000000,2011-02-24 00:00:00,TMO
2011-12-31 00:00:00,15038100000,2012-02-29 00:00:00,TMO
2012-12-31 00:00:00,15464700000,2013-02-27 00:00:00,TMO
2013-12-31 00:00:00,16856100000,2014-02-27 00:00:00,TMO
2014-12-31 00:00:00,20548100000,2015-02-26 00:00:00,TMO
2015-12-31 00:00:00,21350200000,2016-02-25 00:00:00,TMO
2016-12-31 00:00:00,21539300000,2017-02-28 00:00:00,TMO
2017-12-31 00:00:00,25413000000,2018-02-28 00:00:00,TMO
2018-12-31 00:00:00,27586000000,2019-02-27 00:00:00,TMO
2019-12-31 00:00:00,29675000000,2020-02-26 00:00:00,TMO
2020-12-31 00:00:00,34507000000,2021-02-25 00:00:00,TMO
2021-12-31 00:00:00,40793000000,2022-02-24 00:00:00,TMO
2022-12-31 00:00:00,43978000000,2023-02-23 00:00:00,TMO
2023-12-31 00:00:00,46735000000,2024-02-22 00:00:00,TMO
2024-12-31 00:00:00,49584000000,2025-02-20 00:00:00,TMO
2025-12-31 00:00:00,53407000000,2026-02-26 00:00:00,TMO
