ticker,date,ratio
NVDA,2000-06-27 09:30:00,2.0
NVDA,2001-09-12 09:30:00,2.0
NVDA,2006-04-07 09:30:00,2.0
NVDA,2007-09-11 09:30:00,1.5
NVDA,2021-07-20 09:30:00,4.0
NVDA,2024-06-10 09:30:00,10.0
GOOGL,2014-04-03 09:30:00,1.998
GOOGL,2022-07-18 09:30:00,20.0
MSFT,1987-09-21 09:30:00,2.0
MSFT,1990-04-16 09:30:00,2.0
MSFT,1991-06-27 09:30:00,1.5
MSFT,1992-06-15 09:30:00,1.5
MSFT,1994-05-23 09:30:00,2.0
MSFT,1996-12-09 09:30:00,2.0
MSFT,1998-02-23 09:30:00,2.0
MSFT,1999-03-29 09:30:00,2.0
MSFT,2003-02-18 09:30:00,2.0
TSLA,2020-08-31 09:30:00,5.0
TSLA,2022-08-25 09:30:00,3.0
ORCL,1987-03-25 09:30:00,2.0
ORCL,1987-12-21 09:30:00,2.0
ORCL,1989-07-03 09:30:00,2.0
ORCL,1993-11-09 09:30:00,2.0
ORCL,1995-02-23 09:30:00,1.5
ORCL,1996-04-17 09:30:00,1.5
ORCL,1997-08-18 09:30:00,1.5
ORCL,1999-03-01 09:30:00,1.5
ORCL,2000-01-19 09:30:00,2.0
ORCL,2000-10-13 09:30:00,2.0
AMD,1980-10-24 09:30:00,2.0
AMD,1982-10-28 09:30:00,1.5
AMD,1983-08-23 09:30:00,2.0
AMD,2000-08-22 09:30:00,2.0
INTC,1980-10-09 09:30:00,2.0
INTC,1983-07-01 09:30:00,2.0
INTC,1987-10-29 09:30:00,1.5
INTC,1993-06-07 09:30:00,2.0
INTC,1995-06-19 09:30:00,2.0
INTC,1997-07-14 09:30:00,2.0
INTC,1999-04-12 09:30:00,2.0
INTC,2000-07-31 09:30:00,2.0
SMCI,2024-10-01 09:30:00,10.0
MU,1994-04-19 09:30:00,2.5
MU,1995-05-23 09:30:00,2.0
MU,2000-05-02 09:30:00,2.0
WDC,1997-06-04 09:30:00,2.0
WDC,2025-02-24 09:30:00,1.323
CRWD,2026-07-02 09:30:00,4.0
AAPL,1987-06-16 09:30:00,2.0
AAPL,2000-06-21 09:30:00,2.0
AAPL,2005-02-28 09:30:00,2.0
AAPL,2014-06-09 09:30:00,7.0
AAPL,2020-08-31 09:30:00,4.0
AMZN,1998-06-02 09:30:00,2.0
AMZN,1999-01-05 09:30:00,3.0
AMZN,1999-09-02 09:30:00,2.0
AMZN,2022-06-06 09:30:00,20.0
AVGO,2024-07-15 09:30:00,10.0
CSCO,1991-03-18 09:30:00,2.0
CSCO,1992-03-23 09:30:00,2.0
CSCO,1993-03-22 09:30:00,2.0
CSCO,1994-03-21 09:30:00,2.0
CSCO,1996-02-20 09:30:00,2.0
CSCO,1997-12-17 09:30:00,1.5
CSCO,1998-09-16 09:30:00,1.5
CSCO,1999-06-22 09:30:00,2.0
CSCO,2000-03-23 09:30:00,2.0
ADBE,1987-03-12 09:30:00,2.0
ADBE,1988-11-23 09:30:00,2.0
ADBE,1993-08-11 09:30:00,2.0
ADBE,1999-10-27 09:30:00,2.0
ADBE,2000-10-25 09:30:00,2.0
ADBE,2005-05-24 09:30:00,2.0
CRM,2013-04-18 09:30:00,4.0
NFLX,2004-02-12 09:30:00,2.0
NFLX,2015-07-15 09:30:00,7.0
NFLX,2025-11-17 09:30:00,10.0
QCOM,1994-02-24 09:30:00,2.0
QCOM,1999-05-11 09:30:00,2.0
QCOM,1999-12-31 09:30:00,4.0
QCOM,2004-08-16 09:30:00,2.0
TXN,1973-05-29 09:30:00,2.0
TXN,1987-06-15 09:30:00,3.0
TXN,1995-08-21 09:30:00,2.0
TXN,1997-11-24 09:30:00,2.0
TXN,1999-08-17 09:30:00,2.0
TXN,2000-05-23 09:30:00,2.0
TSM,1998-08-26 09:30:00,1.45
TSM,1999-08-16 09:30:00,1.23
TSM,2000-05-15 09:30:00,1.28
TSM,2001-06-26 09:30:00,1.4
TSM,2002-06-19 09:30:00,1.1
TSM,2003-07-07 09:30:00,1.08
TSM,2004-06-14 09:30:00,1.14
TSM,2005-06-13 09:30:00,1.05
TSM,2006-06-20 09:30:00,1.03
TSM,2009-07-15 09:30:00,1.005
JPM,1982-04-16 09:30:00,1.5
JPM,1984-04-16 09:30:00,1.5
JPM,1998-06-15 09:30:00,2.0
JPM,2000-06-12 09:30:00,1.5
BAC,1986-11-21 09:30:00,2.0
BAC,1997-02-28 09:30:00,2.0
BAC,2004-08-30 09:30:00,2.0
WFC,1977-06-20 09:30:00,2.0
WFC,1988-07-01 09:30:00,1.5
WFC,1989-07-24 09:30:00,2.0
WFC,1993-06-29 09:30:00,2.0
WFC,1997-10-14 09:30:00,2.0
WFC,2006-08-14 09:30:00,2.0
V,2015-03-19 09:30:00,4.0
MA,2014-01-22 09:30:00,10.0
JNJ,1967-06-19 09:30:00,3.0
JNJ,1970-05-18 09:30:00,3.0
JNJ,1981-05-19 09:30:00,3.0
JNJ,1989-05-11 09:30:00,2.0
JNJ,1992-06-10 09:30:00,2.0
JNJ,1996-06-12 09:30:00,2.0
JNJ,2001-06-13 09:30:00,2.0
PFE,1983-07-01 09:30:00,2.0
PFE,1991-04-01 09:30:00,2.0
PFE,1995-07-03 09:30:00,2.0
PFE,1997-07-01 09:30:00,2.0
PFE,1999-07-01 09:30:00,3.0
PFE,2020-11-17 09:30:00,1.054
MRK,1964-05-27 09:30:00,3.0
MRK,1972-06-01 09:30:00,2.0
MRK,1986-05-27 09:30:00,2.0
MRK,1988-05-26 09:30:00,3.0
MRK,1992-05-26 09:30:00,3.0
MRK,1999-02-17 09:30:00,2.0
MRK,2021-06-03 09:30:00,1.048
UNH,1992-09-16 09:30:00,2.0
UNH,1994-03-11 09:30:00,2.0
UNH,2000-12-26 09:30:00,2.0
UNH,2003-06-19 09:30:00,2.0
UNH,2005-05-31 09:30:00,2.0
ABT,1981-06-01 09:30:00,2.0
ABT,1986-06-02 09:30:00,2.0
ABT,1990-06-01 09:30:00,2.0
ABT,1992-06-01 09:30:00,2.0
ABT,1998-06-01 09:30:00,2.0
ABT,2004-05-03 09:30:00,1.0688328345446771
ABT,2013-01-02 09:30:00,2.084201750729471
PG,1970-05-19 09:30:00,2.0
PG,1983-02-22 09:30:00,2.0
PG,1989-11-20 09:30:00,2.0
PG,1992-06-15 09:30:00,2.0
PG,1997-09-22 09:30:00,2.0
PG,2004-06-21 09:30:00,2.0
KO,1965-02-19 09:30:00,2.0
KO,1968-06-03 09:30:00,2.0
KO,1977-06-01 09:30:00,2.0
KO,1986-07-01 09:30:00,3.0
KO,1990-05-14 09:30:00,2.0
KO,1992-05-12 09:30:00,2.0
KO,1996-05-13 09:30:00,2.0
KO,2012-08-13 09:30:00,2.0
PEP,1977-05-31 09:30:00,3.0
PEP,1986-05-29 09:30:00,3.0
PEP,1990-09-05 09:30:00,3.0
PEP,1996-05-29 09:30:00,2.0
WMT,1975-08-25 09:30:00,2.0
WMT,1980-12-17 09:30:00,2.0
WMT,1982-07-12 09:30:00,2.0
WMT,1983-07-11 09:30:00,2.0
WMT,1985-10-07 09:30:00,2.0
WMT,1987-07-13 09:30:00,2.0
WMT,1990-07-09 09:30:00,2.0
WMT,1993-02-26 09:30:00,2.0
WMT,1999-04-20 09:30:00,2.0
WMT,2024-02-26 09:30:00,3.0
COST,1993-10-22 09:30:00,2.0
COST,2000-01-14 09:30:00,2.0
HD,1982-01-20 09:30:00,1.5
HD,1982-05-11 09:30:00,1.25
HD,1982-12-08 09:30:00,2.0
HD,1983-06-09 09:30:00,2.0
HD,1987-09-22 09:30:00,1.5
HD,1989-07-03 09:30:00,1.5
HD,1990-07-06 09:30:00,1.5
HD,1991-06-26 09:30:00,1.5
HD,1992-07-02 09:30:00,1.5
HD,1993-04-14 09:30:00,1.3333333333333333
HD,1997-07-07 09:30:00,1.5
HD,1998-07-06 09:30:00,2.0
HD,1999-12-31 09:30:00,1.5
NKE,1990-10-08 09:30:00,2.0
NKE,1995-10-31 09:30:00,2.0
NKE,1996-10-24 09:30:00,2.0
NKE,2007-04-03 09:30:00,2.0
NKE,2012-12-26 09:30:00,2.0
NKE,2015-12-24 09:30:00,2.0
MCD,1971-06-14 09:30:00,1.5
MCD,1972-06-06 09:30:00,2.0
MCD,1982-10-07 09:30:00,1.5
MCD,1984-09-25 09:30:00,1.5
MCD,1986-06-26 09:30:00,1.5
MCD,1987-06-23 09:30:00,1.5
MCD,1989-06-19 09:30:00,2.0
MCD,1994-06-27 09:30:00,2.0
MCD,1999-03-08 09:30:00,2.0
ASML,1997-05-12 09:30:00,2.0
ASML,1998-05-08 09:30:00,2.0
ASML,2000-04-17 09:30:00,3.0
ASML,2007-10-01 09:30:00,0.8888888888888888
XOM,1976-07-26 09:30:00,2.0
XOM,1981-06-12 09:30:00,2.0
XOM,1987-09-15 09:30:00,2.0
XOM,1997-04-14 09:30:00,2.0
XOM,2001-07-19 09:30:00,2.0
CVX,1962-12-17 09:30:00,1.05
CVX,1973-12-11 09:30:00,2.0
CVX,1981-03-11 09:30:00,2.0
CVX,1994-06-13 09:30:00,2.0
CVX,2004-09-13 09:30:00,2.0
HON,1965-02-04 09:30:00,1.02
HON,1966-02-03 09:30:00,1.02
HON,1967-02-03 09:30:00,1.02
HON,1984-05-30 09:30:00,1.5
HON,1994-03-15 09:30:00,2.0
HON,1997-09-16 09:30:00,2.0
HON,2016-10-03 09:30:00,1.0053282396702523
HON,2018-10-01 09:30:00,1.011
HON,2018-10-29 09:30:00,1.032
HON,2025-10-30 09:30:00,1.061
HON,2026-06-29 09:30:00,0.9535
CAT,1964-07-06 09:30:00,2.0
CAT,1976-07-26 09:30:00,1.5
CAT,1994-09-06 09:30:00,2.0
CAT,1997-07-14 09:30:00,2.0
CAT,2005-07-14 09:30:00,2.0
GE,1971-06-08 09:30:00,2.0
GE,1983-06-02 09:30:00,2.0
GE,1987-05-26 09:30:00,2.0
GE,1994-05-16 09:30:00,2.0
GE,1997-05-12 09:30:00,2.0
GE,2000-05-08 09:30:00,3.0
GE,2019-02-26 09:30:00,1.04
GE,2021-08-02 09:30:00,0.125
GE,2023-01-04 09:30:00,1.281
GE,2024-04-02 09:30:00,1.253
TMO,1984-01-04 09:30:00,1.5
TMO,1985-09-17 09:30:00,1.5
TMO,1986-11-03 09:30:00,1.5
TMO,1993-10-29 09:30:00,1.5
TMO,1995-05-25 09:30:00,1.5
TMO,1996-06-06 09:30:00,1.5
