date,adj_close,ticker
2020-01-02,295.39178466796875,SPY
2020-01-03,293.1549987792969,SPY
2020-01-06,294.2734680175781,SPY
2020-01-07,293.4459533691406,SPY
2020-01-08,295.0099182128906,SPY
2020-01-09,297.01025390625,SPY
2020-01-10,296.1555480957031,SPY
2020-01-13,298.19232177734375,SPY
2020-01-14,297.7377014160156,SPY
2020-01-15,298.4104919433594,SPY
2020-01-16,300.8927917480469,SPY
2020-01-17,301.8293762207031,SPY
2020-01-21,301.23834228515625,SPY
2020-01-22,301.2747497558594,SPY
2020-01-23,301.62017822265625,SPY
2020-01-24,298.93792724609375,SPY
2020-01-27,294.14617919921875,SPY
2020-01-28,297.2284851074219,SPY
2020-01-29,296.9830017089844,SPY
2020-01-30,297.9468078613281,SPY
2020-01-31,292.5367431640625,SPY
2020-02-03,294.7098388671875,SPY
2020-02-04,299.20159912109375,SPY
2020-02-05,302.65673828125,SPY
2020-02-06,303.6751708984375,SPY
2020-02-07,302.05670166015625,SPY
2020-02-10,304.3116149902344,SPY
2020-02-11,304.8390808105469,SPY
2020-02-12,306.80303955078125,SPY
2020-02-13,306.4757080078125,SPY
2020-02-14,306.96673583984375,SPY
2020-02-18,306.17559814453125,SPY
2020-02-19,307.6395568847656,SPY
2020-02-20,306.3756408691406,SPY
2020-02-21,303.22052001953125,SPY
2020-02-24,293.1640930175781,SPY
2020-02-25,284.2806091308594,SPY
2020-02-26,283.2349548339844,SPY
2020-02-27,270.5144348144531,SPY
2020-02-28,269.3778076171875,SPY
2020-03-02,281.04364013671875,SPY
2020-03-03,272.99664306640625,SPY
2020-03-04,284.4715576171875,SPY
2020-03-05,275.01519775390625,SPY
2020-03-06,270.4688415527344,SPY
2020-03-09,249.34681701660156,SPY
2020-03-10,262.2491760253906,SPY
2020-03-11,249.4649658203125,SPY
2020-03-12,225.5968475341797,SPY
2020-03-13,244.8822784423828,SPY
2020-03-16,218.0863800048828,SPY
2020-03-17,229.86134338378906,SPY
2020-03-18,218.2227325439453,SPY
2020-03-19,218.68650817871094,SPY
2020-03-20,209.26234436035156,SPY
2020-03-23,203.91184997558594,SPY
2020-03-24,222.38697814941406,SPY
2020-03-25,225.71615600585938,SPY
2020-03-26,238.89561462402344,SPY
2020-03-27,231.77999877929688,SPY
2020-03-30,239.30726623535156,SPY
2020-03-31,235.74029541015625,SPY
2020-04-01,225.13079833984375,SPY
2020-04-02,230.3257598876953,SPY
2020-04-03,226.99659729003906,SPY
2020-04-06,242.24310302734375,SPY
2020-04-07,242.49005126953125,SPY
2020-04-08,250.63015747070312,SPY
2020-04-09,254.4440155029297,SPY
2020-04-13,252.12091064453125,SPY
2020-04-14,259.55670166015625,SPY
2020-04-15,254.0415802001953,SPY
2020-04-16,255.26722717285156,SPY
2020-04-17,262.16326904296875,SPY
2020-04-20,257.5445251464844,SPY
2020-04-21,249.7246551513672,SPY
2020-04-22,255.26722717285156,SPY
2020-04-23,255.24888610839844,SPY
2020-04-24,258.806640625,SPY
2020-04-27,262.53826904296875,SPY
2020-04-28,261.33099365234375,SPY
2020-04-29,268.1722717285156,SPY
2020-04-30,265.67547607421875,SPY
2020-05-01,258.64208984375,SPY
2020-05-04,259.35546875,SPY
2020-05-05,261.751708984375,SPY
2020-05-06,259.9773864746094,SPY
2020-05-07,263.1144714355469,SPY
2020-05-08,267.468017578125,SPY
2020-05-11,267.52294921875,SPY
2020-05-12,262.1907043457031,SPY
2020-05-13,257.55364990234375,SPY
2020-05-14,260.6358337402344,SPY
2020-05-15,261.8339538574219,SPY
2020-05-18,269.8094787597656,SPY
2020-05-19,267.0382080078125,SPY
2020-05-20,271.5746765136719,SPY
2020-05-21,269.6997375488281,SPY
2020-05-22,270.2117919921875,SPY
2020-05-26,273.5411071777344,SPY
2020-05-27,277.6111145019531,SPY
2020-05-28,277.0988464355469,SPY
2020-05-29,278.3335876464844,SPY
2020-06-01,279.4585876464844,SPY
2020-06-02,281.7724304199219,SPY
2020-06-03,285.5223693847656,SPY
2020-06-04,284.77239990234375,SPY
2020-06-05,292.0710144042969,SPY
2020-06-08,295.601318359375,SPY
2020-06-09,293.3971862792969,SPY
2020-06-10,291.75994873046875,SPY
2020-06-11,274.94036865234375,SPY
2020-06-12,278.2329406738281,SPY
2020-06-15,280.83038330078125,SPY
2020-06-16,286.23577880859375,SPY
2020-06-17,285.0467834472656,SPY
2020-06-18,285.156494140625,SPY
2020-06-19,283.52691650390625,SPY
2020-06-22,285.3458251953125,SPY
2020-06-23,286.6594543457031,SPY
2020-06-24,279.34716796875,SPY
2020-06-25,282.3418884277344,SPY
2020-06-26,275.6358947753906,SPY
2020-06-29,279.6869812011719,SPY
2020-06-30,283.2696838378906,SPY
2020-07-01,285.2539367675781,SPY
2020-07-02,286.8248291015625,SPY
2020-07-06,291.25262451171875,SPY
2020-07-07,288.2486572265625,SPY
2020-07-08,290.453369140625,SPY
2020-07-09,288.7998046875,SPY
2020-07-10,291.74859619140625,SPY
2020-07-13,289.2223205566406,SPY
2020-07-14,292.9704284667969,SPY
2020-07-15,295.6620788574219,SPY
2020-07-16,294.68829345703125,SPY
2020-07-17,295.54266357421875,SPY
2020-07-20,297.9309997558594,SPY
2020-07-21,298.5648498535156,SPY
2020-07-22,300.264404296875,SPY
2020-07-23,296.68170166015625,SPY
2020-07-24,294.77099609375,SPY
2020-07-27,296.92059326171875,SPY
2020-07-28,295.0373229980469,SPY
2020-07-29,298.6659851074219,SPY
2020-07-30,297.6003723144531,SPY
2020-07-31,299.95208740234375,SPY
2020-08-03,302.03741455078125,SPY
2020-08-04,303.2040100097656,SPY
2020-08-05,305.087158203125,SPY
2020-08-06,307.12652587890625,SPY
2020-08-07,307.3470458984375,SPY
2020-08-10,308.2657165527344,SPY
2020-08-11,305.7210388183594,SPY
2020-08-12,309.9834899902344,SPY
2020-08-13,309.42315673828125,SPY
2020-08-14,309.432373046875,SPY
2020-08-17,310.4153137207031,SPY
2020-08-18,311.0859680175781,SPY
2020-08-19,309.79058837890625,SPY
2020-08-20,310.755126953125,SPY
2020-08-21,311.8575439453125,SPY
2020-08-24,315.01763916015625,SPY
2020-08-25,316.1199951171875,SPY
2020-08-26,319.28924560546875,SPY
2020-08-27,319.9874267578125,SPY
2020-08-28,322.05438232421875,SPY
2020-08-31,320.8876953125,SPY
2020-09-01,323.9100341796875,SPY
2020-09-02,328.5950622558594,SPY
2020-09-03,317.28662109375,SPY
2020-09-04,314.6961669921875,SPY
2020-09-08,306.09771728515625,SPY
2020-09-09,312.14227294921875,SPY
2020-09-10,306.7223815917969,SPY
2020-09-11,306.8785705566406,SPY
2020-09-14,310.9205017089844,SPY
2020-09-15,312.49139404296875,SPY
2020-09-16,311.2511901855469,SPY
2020-09-17,308.5137023925781,SPY
2020-09-18,304.9619445800781,SPY
2020-09-21,301.56781005859375,SPY
2020-09-22,304.6390686035156,SPY
2020-09-23,297.5741882324219,SPY
2020-09-24,298.3672790527344,SPY
2020-09-25,303.19110107421875,SPY
2020-09-28,308.22686767578125,SPY
2020-09-29,306.5483093261719,SPY
2020-09-30,308.87255859375,SPY
2020-10-01,310.85546875,SPY
2020-10-02,307.90399169921875,SPY
2020-10-05,313.3641052246094,SPY
2020-10-06,308.90936279296875,SPY
2020-10-07,314.2864990234375,SPY
2020-10-08,317.07177734375,SPY
2020-10-09,319.9033203125,SPY
2020-10-12,325.04986572265625,SPY
2020-10-13,322.92852783203125,SPY
2020-10-14,320.89935302734375,SPY
2020-10-15,320.50286865234375,SPY
2020-10-16,320.30914306640625,SPY
2020-10-19,315.4393310546875,SPY
2020-10-20,316.702880859375,SPY
2020-10-21,316.1033630371094,SPY
2020-10-22,317.83740234375,SPY
2020-10-23,318.9163818359375,SPY
2020-10-26,313.0228576660156,SPY
2020-10-27,311.9437255859375,SPY
2020-10-28,301.2818908691406,SPY
2020-10-29,304.343994140625,SPY
2020-10-30,301.1711730957031,SPY
2020-11-02,304.5468444824219,SPY
2020-11-03,309.9239196777344,SPY
2020-11-04,316.8504943847656,SPY
2020-11-05,323.0299072265625,SPY
2020-11-06,322.9561462402344,SPY
2020-11-09,327.0143127441406,SPY
2020-11-10,326.5346984863281,SPY
2020-11-11,328.9603576660156,SPY
2020-11-12,325.7691650390625,SPY
2020-11-13,330.2793273925781,SPY
2020-11-16,334.4020080566406,SPY
2020-11-17,332.60345458984375,SPY
2020-11-18,328.6007385253906,SPY
2020-11-19,329.9841613769531,SPY
2020-11-20,327.7245178222656,SPY
2020-11-23,329.6890563964844,SPY
2020-11-24,335.00152587890625,SPY
2020-11-25,334.48504638671875,SPY
2020-11-27,335.4166259765625,SPY
2020-11-30,333.9316711425781,SPY
2020-12-01,337.5840148925781,SPY
2020-12-02,338.2941589355469,SPY
2020-12-03,338.2019348144531,SPY
2020-12-04,341.116455078125,SPY
2020-12-07,340.41552734375,SPY
2020-12-08,341.4115905761719,SPY
2020-12-09,338.34954833984375,SPY
2020-12-10,338.2389831542969,SPY
2020-12-11,337.84222412109375,SPY
2020-12-14,336.32965087890625,SPY
2020-12-15,340.8765869140625,SPY
2020-12-16,341.4115905761719,SPY
2020-12-17,343.32080078125,SPY
2020-12-18,341.949951171875,SPY
2020-12-21,340.7272033691406,SPY
2020-12-22,340.1530456542969,SPY
2020-12-23,340.45867919921875,SPY
2020-12-24,341.7831726074219,SPY
2020-12-28,344.7193908691406,SPY
2020-12-29,344.06182861328125,SPY
2020-12-30,344.55267333984375,SPY
2020-12-31,346.30328369140625,SPY
2021-01-04,341.58868408203125,SPY
2021-01-05,343.9413146972656,SPY
2021-01-06,345.99755859375,SPY
2021-01-07,351.1382141113281,SPY
2021-01-08,353.138916015625,SPY
2021-01-11,350.75848388671875,SPY
2021-01-12,350.8325500488281,SPY
2021-01-13,351.77734375,SPY
2021-01-14,350.54541015625,SPY
2021-01-15,347.989013671875,SPY
2021-01-19,350.721435546875,SPY
2021-01-20,355.5749206542969,SPY
2021-01-21,355.89910888671875,SPY
2021-01-22,354.6395568847656,SPY
2021-01-25,356.0379943847656,SPY
2021-01-26,355.48236083984375,SPY
2021-01-27,346.7940979003906,SPY
2021-01-28,349.7767333984375,SPY
2021-01-29,342.7742919921875,SPY
2021-02-01,348.4799499511719,SPY
2021-02-02,353.4075927734375,SPY
2021-02-03,353.6853942871094,SPY
2021-02-04,357.70526123046875,SPY
2021-02-05,359.1131286621094,SPY
2021-02-08,361.7066650390625,SPY
2021-02-09,361.4658508300781,SPY
2021-02-10,361.308349609375,SPY
2021-02-11,361.8918762207031,SPY
2021-02-12,363.6795654296875,SPY
2021-02-16,363.3645935058594,SPY
2021-02-17,363.447998046875,SPY
2021-02-18,361.901123046875,SPY
2021-02-19,361.2620544433594,SPY
2021-02-22,358.4833068847656,SPY
2021-02-23,358.918701171875,SPY
2021-02-24,362.8736877441406,SPY
2021-02-25,354.1299743652344,SPY
2021-02-26,352.3052673339844,SPY
2021-03-01,360.8451843261719,SPY
2021-03-02,358.0295104980469,SPY
2021-03-03,353.287109375,SPY
2021-03-04,348.9152526855469,SPY
2021-03-05,355.3341979980469,SPY
2021-03-08,353.5650634765625,SPY
2021-03-09,358.6130065917969,SPY
2021-03-10,360.8451843261719,SPY
2021-03-11,364.50390625,SPY
2021-03-12,364.99481201171875,SPY
2021-03-15,367.1715087890625,SPY
2021-03-16,366.7083435058594,SPY
2021-03-17,367.9588317871094,SPY
2021-03-18,362.60516357421875,SPY
2021-03-19,361.9341735839844,SPY
2021-03-22,364.8242492675781,SPY
2021-03-23,361.9527893066406,SPY
2021-03-24,360.11285400390625,SPY
2021-03-25,362.13861083984375,SPY
2021-03-26,367.9745178222656,SPY
2021-03-29,367.7886047363281,SPY
2021-03-30,366.81292724609375,SPY
2021-03-31,368.2997131347656,SPY
2021-04-01,372.2770690917969,SPY
2021-04-05,377.620361328125,SPY
2021-04-06,377.3973388671875,SPY
2021-04-07,377.8340759277344,SPY
2021-04-08,379.6275939941406,SPY
2021-04-09,382.38751220703125,SPY
2021-04-12,382.52691650390625,SPY
2021-04-13,383.66058349609375,SPY
2021-04-14,382.350341796875,SPY
2021-04-15,386.4577331542969,SPY
2021-04-16,387.74945068359375,SPY
2021-04-19,385.8443908691406,SPY
2021-04-20,383.01947021484375,SPY
2021-04-21,386.6436462402344,SPY
2021-04-22,383.1123046875,SPY
2021-04-23,387.26629638671875,SPY
2021-04-26,388.0746765136719,SPY
2021-04-27,387.99102783203125,SPY
2021-04-28,387.87957763671875,SPY
2021-04-29,390.3514709472656,SPY
2021-04-30,387.78656005859375,SPY
2021-05-03,388.6229553222656,SPY
2021-05-04,386.2254638671875,SPY
2021-05-05,386.3462829589844,SPY
2021-05-06,389.431396484375,SPY
2021-05-07,392.2657775878906,SPY
2021-05-10,388.3813781738281,SPY
2021-05-11,384.9151611328125,SPY
2021-05-12,376.7375183105469,SPY
2021-05-13,381.2630615234375,SPY
2021-05-14,387.1175231933594,SPY
2021-05-17,386.1325378417969,SPY
2021-05-18,382.8057556152344,SPY
2021-05-19,381.8021545410156,SPY
2021-05-20,385.9094543457031,SPY
2021-05-21,385.5934753417969,SPY
2021-05-24,389.5244140625,SPY
2021-05-25,388.6601257324219,SPY
2021-05-26,389.431396484375,SPY
2021-05-27,389.6358947753906,SPY
2021-05-28,390.3328552246094,SPY
2021-06-01,389.9890441894531,SPY
2021-06-02,390.6023864746094,SPY
2021-06-03,389.15264892578125,SPY
2021-06-04,392.7117614746094,SPY
2021-06-07,392.3307800292969,SPY
2021-06-08,392.4144592285156,SPY
2021-06-09,391.8289489746094,SPY
2021-06-10,393.6502990722656,SPY
2021-06-11,394.30084228515625,SPY
2021-06-14,395.1836853027344,SPY
2021-06-15,394.4588317871094,SPY
2021-06-16,392.2565002441406,SPY
2021-06-17,392.1263427734375,SPY
2021-06-18,386.8363952636719,SPY
2021-06-21,392.3743591308594,SPY
2021-06-22,394.4720153808594,SPY
2021-06-23,393.9966125488281,SPY
2021-06-24,396.3274841308594,SPY
2021-06-25,397.73516845703125,SPY
2021-06-28,398.5369567871094,SPY
2021-06-29,398.7513427734375,SPY
2021-06-30,399.0870056152344,SPY
2021-07-01,401.2966613769531,SPY
2021-07-02,404.36395263671875,SPY
2021-07-06,403.6274108886719,SPY
2021-07-07,405.0538635253906,SPY
2021-07-08,401.75341796875,SPY
2021-07-09,406.0421142578125,SPY
2021-07-12,407.4964599609375,SPY
2021-07-13,406.1073303222656,SPY
2021-07-14,406.7133483886719,SPY
2021-07-15,405.32421875,SPY
2021-07-16,402.14495849609375,SPY
2021-07-19,396.2061767578125,SPY
2021-07-20,401.88397216796875,SPY
2021-07-21,405.13775634765625,SPY
2021-07-22,405.986083984375,SPY
2021-07-23,410.16290283203125,SPY
2021-07-26,411.1698303222656,SPY
2021-07-27,409.2959899902344,SPY
2021-07-28,409.1280212402344,SPY
2021-07-29,410.824951171875,SPY
2021-07-30,408.8297119140625,SPY
2021-08-02,407.9720153808594,SPY
2021-08-03,411.2910461425781,SPY
2021-08-04,409.2678527832031,SPY
2021-08-05,411.8597717285156,SPY
2021-08-06,412.540283203125,SPY
2021-08-09,412.2047119140625,SPY
2021-08-10,412.7174072265625,SPY
2021-08-11,413.7429504394531,SPY
2021-08-12,414.9830017089844,SPY
2021-08-13,415.73822021484375,SPY
2021-08-16,416.7170715332031,SPY
2021-08-17,413.9855041503906,SPY
2021-08-18,409.4543151855469,SPY
2021-08-19,410.08831787109375,SPY
2021-08-20,413.3514709472656,SPY
2021-08-23,416.9874267578125,SPY
2021-08-24,417.6494445800781,SPY
2021-08-25,418.5258483886719,SPY
2021-08-26,416.05517578125,SPY
2021-08-27,419.7751770019531,SPY
2021-08-30,421.62115478515625,SPY
2021-08-31,420.9964904785156,SPY
2021-09-01,421.2201843261719,SPY
2021-09-02,422.51611328125,SPY
2021-09-03,422.4134826660156,SPY
2021-09-07,420.90313720703125,SPY
2021-09-08,420.3904113769531,SPY
2021-09-09,418.5910339355469,SPY
2021-09-10,415.29071044921875,SPY
2021-09-13,416.353515625,SPY
2021-09-14,414.10662841796875,SPY
2021-09-15,417.5654296875,SPY
2021-09-16,416.9035949707031,SPY
2021-09-17,412.8424987792969,SPY
2021-09-20,405.95867919921875,SPY
2021-09-21,405.57525634765625,SPY
2021-09-22,409.5315856933594,SPY
2021-09-23,414.5073547363281,SPY
2021-09-24,415.1902160644531,SPY
2021-09-27,414.0022277832031,SPY
2021-09-28,405.6593933105469,SPY
2021-09-29,406.3421630859375,SPY
2021-09-30,401.3756408691406,SPY
2021-10-01,406.145751953125,SPY
2021-10-04,400.90802001953125,SPY
2021-10-05,405.0794677734375,SPY
2021-10-06,406.7630310058594,SPY
2021-10-07,410.2798156738281,SPY
2021-10-08,409.5315856933594,SPY
2021-10-11,406.566650390625,SPY
2021-10-12,405.5658264160156,SPY
2021-10-13,407.02496337890625,SPY
2021-10-14,413.8712158203125,SPY
2021-10-15,417.0233459472656,SPY
2021-10-18,418.2579345703125,SPY
2021-10-19,421.4847106933594,SPY
2021-10-20,423.1402587890625,SPY
2021-10-21,424.2437744140625,SPY
2021-10-22,423.80419921875,SPY
2021-10-25,426.0770263671875,SPY
2021-10-26,426.4604797363281,SPY
2021-10-27,424.5711669921875,SPY
2021-10-28,428.6678466796875,SPY
2021-10-29,429.5376892089844,SPY
2021-11-01,430.27655029296875,SPY
2021-11-02,432.01617431640625,SPY
2021-11-03,434.65374755859375,SPY
2021-11-04,436.7020263671875,SPY
2021-11-05,438.2171936035156,SPY
2021-11-08,438.59136962890625,SPY
2021-11-09,437.14166259765625,SPY
2021-11-10,433.6248779296875,SPY
2021-11-11,433.76513671875,SPY
2021-11-12,437.03875732421875,SPY
2021-11-15,437.1884460449219,SPY
2021-11-16,438.918701171875,SPY
2021-11-17,437.8525390625,SPY
2021-11-18,439.339599609375,SPY
2021-11-19,438.553955078125,SPY
2021-11-22,437.3193664550781,SPY
2021-11-23,437.8992919921875,SPY
2021-11-24,439.0683288574219,SPY
2021-11-26,429.2757568359375,SPY
2021-11-29,434.54150390625,SPY
2021-11-30,426.08642578125,SPY
2021-12-01,421.3537292480469,SPY
2021-12-02,427.80731201171875,SPY
2021-12-03,424.0848388671875,SPY
2021-12-06,429.1074523925781,SPY
2021-12-07,437.9834289550781,SPY
2021-12-08,439.1431579589844,SPY
2021-12-09,436.17828369140625,SPY
2021-12-10,440.2842712402344,SPY
2021-12-13,436.38409423828125,SPY
2021-12-14,433.38165283203125,SPY
2021-12-15,440.1533508300781,SPY
2021-12-16,436.2718200683594,SPY
2021-12-17,431.62860107421875,SPY
2021-12-20,427.03900146484375,SPY
2021-12-21,434.6227722167969,SPY
2021-12-22,438.9683837890625,SPY
2021-12-23,441.6996765136719,SPY
2021-12-27,447.9507141113281,SPY
2021-12-28,447.5846252441406,SPY
2021-12-29,448.1571044921875,SPY
2021-12-30,446.91827392578125,SPY
2021-12-31,445.79193115234375,SPY
2022-01-03,448.37310791015625,SPY
2022-01-04,448.2227783203125,SPY
2022-01-05,439.6159973144531,SPY
2022-01-06,439.20306396484375,SPY
2022-01-07,437.4666748046875,SPY
2022-01-10,436.92218017578125,SPY
2022-01-11,440.9018859863281,SPY
2022-01-12,442.09393310546875,SPY
2022-01-13,436.0024719238281,SPY
2022-01-14,436.18084716796875,SPY
2022-01-18,428.4562683105469,SPY
2022-01-19,424.00726318359375,SPY
2022-01-20,419.31439208984375,SPY
2022-01-21,411.08294677734375,SPY
2022-01-24,412.82867431640625,SPY
2022-01-25,407.78851318359375,SPY
2022-01-26,406.7654724121094,SPY
2022-01-27,404.7568054199219,SPY
2022-01-28,414.8091125488281,SPY
2022-01-31,422.2803649902344,SPY
2022-02-01,425.1335754394531,SPY
2022-02-02,429.2633972167969,SPY
2022-02-03,419.1736145019531,SPY
2022-02-04,421.1446228027344,SPY
2022-02-07,419.7930603027344,SPY
2022-02-08,423.2470397949219,SPY
2022-02-09,429.4417419433594,SPY
2022-02-10,421.7265625,SPY
2022-02-11,413.4106140136719,SPY
2022-02-14,412.05902099609375,SPY
2022-02-15,418.70428466796875,SPY
2022-02-16,419.1736145019531,SPY
2022-02-17,410.21929931640625,SPY
2022-02-18,407.5632629394531,SPY
2022-02-22,403.1894226074219,SPY
2022-02-23,396.037353515625,SPY
2022-02-24,401.9974365234375,SPY
2022-02-25,410.8670654296875,SPY
2022-02-28,409.81585693359375,SPY
2022-03-01,403.5742492675781,SPY
2022-03-02,410.9985046386719,SPY
2022-03-03,408.95233154296875,SPY
2022-03-04,405.6297302246094,SPY
2022-03-07,393.6720886230469,SPY
2022-03-08,390.6874694824219,SPY
2022-03-09,401.1619873046875,SPY
2022-03-10,399.35052490234375,SPY
2022-03-11,394.2728271484375,SPY
2022-03-14,391.391357421875,SPY
2022-03-15,399.9981994628906,SPY
2022-03-16,408.867919921875,SPY
2022-03-17,413.983154296875,SPY
2022-03-18,418.51751708984375,SPY
2022-03-21,418.3950500488281,SPY
2022-03-22,423.2908935546875,SPY
2022-03-23,417.83953857421875,SPY
2022-03-24,424.13824462890625,SPY
2022-03-25,426.2095031738281,SPY
2022-03-28,429.2412109375,SPY
2022-03-29,434.5513000488281,SPY
2022-03-30,431.86798095703125,SPY
2022-03-31,425.2209167480469,SPY
2022-04-01,426.4260559082031,SPY
2022-04-04,430.0790710449219,SPY
2022-04-05,424.64666748046875,SPY
2022-04-06,420.40045166015625,SPY
2022-04-07,422.5187683105469,SPY
2022-04-08,421.3890686035156,SPY
2022-04-11,414.1864929199219,SPY
2022-04-12,412.6519470214844,SPY
2022-04-13,417.3782043457031,SPY
2022-04-14,412.1811218261719,SPY
2022-04-18,412.3506164550781,SPY
2022-04-19,419.0069885253906,SPY
2022-04-20,418.6963195800781,SPY
2022-04-21,412.4353332519531,SPY
2022-04-22,401.1185302734375,SPY
2022-04-25,403.4440002441406,SPY
2022-04-26,391.7598876953125,SPY
2022-04-27,392.8614807128906,SPY
2022-04-28,402.7848815917969,SPY
2022-04-29,387.8997497558594,SPY
2022-05-02,390.23468017578125,SPY
2022-05-03,392.0235290527344,SPY
2022-05-04,403.96185302734375,SPY
2022-05-05,389.6038818359375,SPY
2022-05-06,387.2783508300781,SPY
2022-05-09,374.8787536621094,SPY
2022-05-10,375.74493408203125,SPY
2022-05-11,369.7757873535156,SPY
2022-05-12,369.3898010253906,SPY
2022-05-13,378.2210693359375,SPY
2022-05-16,376.68646240234375,SPY
2022-05-17,384.4349365234375,SPY
2022-05-18,368.93780517578125,SPY
2022-05-19,366.6781921386719,SPY
2022-05-20,366.83831787109375,SPY
2022-05-23,373.7018737792969,SPY
2022-05-24,370.84906005859375,SPY
2022-05-25,374.1255187988281,SPY
2022-05-26,381.6011047363281,SPY
2022-05-27,390.9689636230469,SPY
2022-05-31,388.7753601074219,SPY
2022-06-01,385.6307067871094,SPY
2022-06-02,392.97442626953125,SPY
2022-06-03,386.525146484375,SPY
2022-06-06,387.7020568847656,SPY
2022-06-07,391.4209899902344,SPY
2022-06-08,387.1654052734375,SPY
2022-06-09,377.9574890136719,SPY
2022-06-10,366.9983215332031,SPY
2022-06-13,353.0640869140625,SPY
2022-06-14,352.0002136230469,SPY
2022-06-15,357.0184020996094,SPY
2022-06-16,345.2025451660156,SPY
2022-06-17,345.9466857910156,SPY
2022-06-21,354.6553649902344,SPY
2022-06-22,354.0124206542969,SPY
2022-06-23,357.4826354980469,SPY
2022-06-24,368.8484802246094,SPY
2022-06-27,367.4394836425781,SPY
2022-06-28,359.93170166015625,SPY
2022-06-29,359.63861083984375,SPY
2022-06-30,356.71673583984375,SPY
2022-07-01,360.4895935058594,SPY
2022-07-05,361.17034912109375,SPY
2022-07-06,362.3902282714844,SPY
2022-07-07,367.8177490234375,SPY
2022-07-08,367.51519775390625,SPY
2022-07-11,363.3168029785156,SPY
2022-07-12,360.1018371582031,SPY
2022-07-13,358.21075439453125,SPY
2022-07-14,357.3408508300781,SPY
2022-07-15,364.1678161621094,SPY
2022-07-18,361.16094970703125,SPY
2022-07-19,370.919189453125,SPY
2022-07-20,373.28314208984375,SPY
2022-07-21,377.0843811035156,SPY
2022-07-22,373.58575439453125,SPY
2022-07-25,374.0396423339844,SPY
2022-07-26,369.6143493652344,SPY
2022-07-27,379.2119140625,SPY
2022-07-28,383.9681396484375,SPY
2022-07-29,389.56585693359375,SPY
2022-08-01,388.4123229980469,SPY
2022-08-02,385.849853515625,SPY
2022-08-03,391.89202880859375,SPY
2022-08-04,391.6272888183594,SPY
2022-08-05,390.9653625488281,SPY
2022-08-08,390.5115051269531,SPY
2022-08-09,388.96075439453125,SPY
2022-08-10,397.1304626464844,SPY
2022-08-11,397.1304626464844,SPY
2022-08-12,403.853515625,SPY
2022-08-15,405.5176696777344,SPY
2022-08-16,406.3119201660156,SPY
2022-08-17,403.427978515625,SPY
2022-08-18,404.6004638671875,SPY
2022-08-19,399.1634521484375,SPY
2022-08-22,390.8518981933594,SPY
2022-08-23,389.9062805175781,SPY
2022-08-24,391.15447998046875,SPY
2022-08-25,396.6765441894531,SPY
2022-08-26,383.2494812011719,SPY
2022-08-29,380.71533203125,SPY
2022-08-30,376.5359802246094,SPY
2022-08-31,373.6708068847656,SPY
2022-09-01,374.8434143066406,SPY
2022-09-02,370.8908386230469,SPY
2022-09-06,369.49139404296875,SPY
2022-09-07,376.1293640136719,SPY
2022-09-08,378.5877990722656,SPY
2022-09-09,384.46929931640625,SPY
2022-09-12,388.6014099121094,SPY
2022-09-13,371.7040710449219,SPY
2022-09-14,373.1224670410156,SPY
2022-09-15,368.88623046875,SPY
2022-09-16,366.07208251953125,SPY
2022-09-19,368.91094970703125,SPY
2022-09-20,364.6763610839844,SPY
2022-09-21,358.3150329589844,SPY
2022-09-22,355.3052673339844,SPY
2022-09-23,349.35211181640625,SPY
2022-09-26,345.8961181640625,SPY
2022-09-27,345.01312255859375,SPY
2022-09-28,351.8017272949219,SPY
2022-09-29,344.4529724121094,SPY
2022-09-30,339.12646484375,SPY
2022-10-03,348.0798645019531,SPY
2022-10-04,358.8656921386719,SPY
2022-10-05,358.03021240234375,SPY
2022-10-06,354.3367919921875,SPY
2022-10-07,344.4529724121094,SPY
2022-10-10,341.822998046875,SPY
2022-10-11,339.658203125,SPY
2022-10-12,338.5378723144531,SPY
2022-10-13,347.47222900390625,SPY
2022-10-14,339.55377197265625,SPY
2022-10-17,348.279296875,SPY
2022-10-18,352.37139892578125,SPY
2022-10-19,349.8743591308594,SPY
2022-10-20,346.9405517578125,SPY
2022-10-21,355.3716735839844,SPY
2022-10-24,359.7200927734375,SPY
2022-10-25,365.4644775390625,SPY
2022-10-26,362.7109375,SPY
2022-10-27,360.77410888671875,SPY
2022-10-28,369.35711669921875,SPY
2022-10-31,366.6891784667969,SPY
2022-11-01,365.0845947265625,SPY
2022-11-02,355.92236328125,SPY
2022-11-03,352.2574462890625,SPY
2022-11-04,357.3275146484375,SPY
2022-11-07,360.74560546875,SPY
2022-11-08,362.69195556640625,SPY
2022-11-09,355.21978759765625,SPY
2022-11-10,374.7406005859375,SPY
2022-11-11,378.3675231933594,SPY
2022-11-14,375.1488037109375,SPY
2022-11-15,378.3485107421875,SPY
2022-11-16,375.46221923828125,SPY
2022-11-17,374.3133544921875,SPY
2022-11-18,376.0128479003906,SPY
2022-11-21,374.6456298828125,SPY
2022-11-22,379.6872253417969,SPY
2022-11-23,382.0798645019531,SPY
2022-11-25,381.99444580078125,SPY
2022-11-28,375.89886474609375,SPY
2022-11-29,375.25335693359375,SPY
2022-11-30,387.0740051269531,SPY
2022-12-01,386.7891540527344,SPY
2022-12-02,386.34295654296875,SPY
2022-12-05,379.3929443359375,SPY
2022-12-06,373.92413330078125,SPY
2022-12-07,373.2879333496094,SPY
2022-12-08,376.2122497558594,SPY
2022-12-09,373.4018859863281,SPY
2022-12-12,378.7852783203125,SPY
2022-12-13,381.6526184082031,SPY
2022-12-14,379.2125549316406,SPY
2022-12-15,369.93634033203125,SPY
2022-12-16,365.5688171386719,SPY
2022-12-19,362.4689025878906,SPY
2022-12-20,362.96490478515625,SPY
2022-12-21,368.3921203613281,SPY
2022-12-22,363.1366271972656,SPY
2022-12-23,365.2254638671875,SPY
2022-12-27,363.7852478027344,SPY
2022-12-28,359.26409912109375,SPY
2022-12-29,365.7309265136719,SPY
2022-12-30,364.7675476074219,SPY
2023-01-03,363.23199462890625,SPY
2023-01-04,366.0361633300781,SPY
2023-01-05,361.8585205078125,SPY
2023-01-06,370.1567077636719,SPY
2023-01-09,369.9468078613281,SPY
2023-01-10,372.541259765625,SPY
2023-01-11,377.25311279296875,SPY
2023-01-12,378.6265563964844,SPY
2023-01-13,380.0954895019531,SPY
2023-01-17,379.39910888671875,SPY
2023-01-18,373.4091796875,SPY
2023-01-19,370.6908264160156,SPY
2023-01-20,377.596435546875,SPY
2023-01-23,382.1271057128906,SPY
2023-01-24,381.7169189453125,SPY
2023-01-25,381.8600158691406,SPY
2023-01-26,386.05682373046875,SPY
2023-01-27,386.94384765625,SPY
2023-01-30,382.08892822265625,SPY
2023-01-31,387.7069396972656,SPY
2023-02-01,391.82733154296875,SPY
2023-02-02,397.5311584472656,SPY
2023-02-03,393.3058166503906,SPY
2023-02-06,390.9021911621094,SPY
2023-02-07,396.0146484375,SPY
2023-02-08,391.68426513671875,SPY
2023-02-09,388.2886962890625,SPY
2023-02-10,389.1947937011719,SPY
2023-02-13,393.7635803222656,SPY
2023-02-14,393.5824279785156,SPY
2023-02-15,394.8605041503906,SPY
2023-02-16,389.4237365722656,SPY
2023-02-17,388.4508361816406,SPY
2023-02-21,380.6581726074219,SPY
2023-02-22,380.1336364746094,SPY
2023-02-23,382.1556091308594,SPY
2023-02-24,378.0733642578125,SPY
2023-02-27,379.3609924316406,SPY
2023-02-28,377.9588928222656,SPY
2023-03-01,376.5090637207031,SPY
2023-03-02,379.43731689453125,SPY
2023-03-03,385.5226745605469,SPY
2023-03-06,385.78973388671875,SPY
2023-03-07,379.87603759765625,SPY
2023-03-08,380.4960632324219,SPY
2023-03-09,373.4759216308594,SPY
2023-03-10,368.0869140625,SPY
2023-03-13,367.5622253417969,SPY
2023-03-14,373.63818359375,SPY
2023-03-15,371.30126953125,SPY
2023-03-16,377.8157958984375,SPY
2023-03-17,373.3981018066406,SPY
2023-03-20,376.9885559082031,SPY
2023-03-21,381.9385986328125,SPY
2023-03-22,375.427978515625,SPY
2023-03-23,376.4429016113281,SPY
2023-03-24,378.91302490234375,SPY
2023-03-27,379.62158203125,SPY
2023-03-28,378.76947021484375,SPY
2023-03-29,384.27484130859375,SPY
2023-03-30,386.52484130859375,SPY
2023-03-31,391.97283935546875,SPY
2023-04-03,393.4664306640625,SPY
2023-04-04,391.28338623046875,SPY
2023-04-05,390.2589111328125,SPY
2023-04-06,391.78131103515625,SPY
2023-04-10,392.18341064453125,SPY
2023-04-11,392.2886657714844,SPY
2023-04-12,390.6897888183594,SPY
2023-04-13,395.879150390625,SPY
2023-04-14,394.9121398925781,SPY
2023-04-17,396.3291931152344,SPY
2023-04-18,396.58770751953125,SPY
2023-04-19,396.5207214355469,SPY
2023-04-20,394.3567810058594,SPY
2023-04-21,394.6632385253906,SPY
2023-04-24,395.0748596191406,SPY
2023-04-25,388.8035583496094,SPY
2023-04-26,387.1567687988281,SPY
2023-04-27,394.8642272949219,SPY
2023-04-28,398.2345275878906,SPY
2023-05-01,397.8323669433594,SPY
2023-05-02,393.361083984375,SPY
2023-05-03,390.6609802246094,SPY
2023-05-04,387.89404296875,SPY
2023-05-05,395.0748596191406,SPY
2023-05-08,395.18023681640625,SPY
2023-05-09,393.44720458984375,SPY
2023-05-10,395.2855224609375,SPY
2023-05-11,394.5962829589844,SPY
2023-05-12,394.07916259765625,SPY
2023-05-15,395.4387512207031,SPY
2023-05-16,392.79620361328125,SPY
2023-05-17,397.5643310546875,SPY
2023-05-18,401.3941345214844,SPY
2023-05-19,400.81011962890625,SPY
2023-05-22,400.97283935546875,SPY
2023-05-23,396.4728088378906,SPY
2023-05-24,393.6004333496094,SPY
2023-05-25,397.0089111328125,SPY
2023-05-26,402.1504821777344,SPY
2023-05-30,402.3037414550781,SPY
2023-05-31,400.0728759765625,SPY
2023-06-01,403.8739318847656,SPY
2023-06-02,409.7144470214844,SPY
2023-06-05,408.9293212890625,SPY
2023-06-06,409.8197021484375,SPY
2023-06-07,408.4027099609375,SPY
2023-06-08,410.87298583984375,SPY
2023-06-09,411.6101379394531,SPY
2023-06-12,415.3442077636719,SPY
2023-06-13,418.0825500488281,SPY
2023-06-14,418.5804443359375,SPY
2023-06-15,423.7698669433594,SPY
2023-06-16,422.326416015625,SPY
2023-06-20,420.13531494140625,SPY
2023-06-21,417.982666015625,SPY
2023-06-22,419.491455078125,SPY
2023-06-23,416.320068359375,SPY
2023-06-26,414.61907958984375,SPY
2023-06-27,419.1647644042969,SPY
2023-06-28,419.37615966796875,SPY
2023-06-29,421.02899169921875,SPY
2023-06-30,425.9974670410156,SPY
2023-07-03,426.48760986328125,SPY
2023-07-05,425.8533935546875,SPY
2023-07-06,422.5186462402344,SPY
2023-07-07,421.4518737792969,SPY
2023-07-10,422.5186462402344,SPY
2023-07-11,425.20947265625,SPY
2023-07-12,428.6307067871094,SPY
2023-07-13,432.03265380859375,SPY
2023-07-14,431.7635498046875,SPY
2023-07-17,433.26275634765625,SPY
2023-07-18,436.4820861816406,SPY
2023-07-19,437.4527587890625,SPY
2023-07-20,434.55047607421875,SPY
2023-07-21,434.55047607421875,SPY
2023-07-24,436.4917297363281,SPY
2023-07-25,437.6833801269531,SPY
2023-07-26,437.7507019042969,SPY
2023-07-27,434.84844970703125,SPY
2023-07-28,439.105712890625,SPY
2023-07-31,439.9418029785156,SPY
2023-08-01,438.6829528808594,SPY
2023-08-02,432.5804138183594,SPY
2023-08-03,431.3406982421875,SPY
2023-08-04,429.389892578125,SPY
2023-08-07,433.1378173828125,SPY
2023-08-08,431.2542419433594,SPY
2023-08-09,428.3712463378906,SPY
2023-08-10,428.52496337890625,SPY
2023-08-11,428.2751159667969,SPY
2023-08-14,430.6391906738281,SPY
2023-08-15,425.6227111816406,SPY
2023-08-16,422.4994201660156,SPY
2023-08-17,419.2799987792969,SPY
2023-08-18,419.4818115234375,SPY
2023-08-21,422.2110900878906,SPY
2023-08-22,421.06744384765625,SPY
2023-08-23,425.75726318359375,SPY
2023-08-24,419.8565979003906,SPY
2023-08-25,422.8165283203125,SPY
2023-08-28,425.497802734375,SPY
2023-08-29,431.64825439453125,SPY
2023-08-30,433.42608642578125,SPY
2023-08-31,432.7918395996094,SPY
2023-09-01,433.59912109375,SPY
2023-09-05,431.7251281738281,SPY
2023-09-06,428.8229064941406,SPY
2023-09-07,427.50628662109375,SPY
2023-09-08,428.150146484375,SPY
2023-09-11,430.9659423828125,SPY
2023-09-12,428.6017761230469,SPY
2023-09-13,429.1015625,SPY
2023-09-14,432.8014221191406,SPY
2023-09-15,427.5869445800781,SPY
2023-09-18,427.8376770019531,SPY
2023-09-19,426.9504089355469,SPY
2023-09-20,423.02532958984375,SPY
2023-09-21,416.033447265625,SPY
2023-09-22,415.09796142578125,SPY
2023-09-25,416.843505859375,SPY
2023-09-26,410.71954345703125,SPY
2023-09-27,410.8835144042969,SPY
2023-09-28,413.2655334472656,SPY
2023-09-29,412.2626037597656,SPY
2023-10-02,412.0986328125,SPY
2023-10-03,406.582275390625,SPY
2023-10-04,409.5429382324219,SPY
2023-10-05,409.388671875,SPY
2023-10-06,414.249267578125,SPY
2023-10-09,416.9013671875,SPY
2023-10-10,419.0712585449219,SPY
2023-10-11,420.78790283203125,SPY
2023-10-12,418.22265625,SPY
2023-10-13,416.1394958496094,SPY
2023-10-16,420.5178527832031,SPY
2023-10-17,420.49859619140625,SPY
2023-10-18,414.8954772949219,SPY
2023-10-19,411.24993896484375,SPY
2023-10-20,406.1965026855469,SPY
2023-10-23,405.4924011230469,SPY
2023-10-24,408.5496520996094,SPY
2023-10-25,402.68603515625,SPY
2023-10-26,397.8640441894531,SPY
2023-10-27,396.06060791015625,SPY
2023-10-30,400.79583740234375,SPY
2023-10-31,403.31298828125,SPY
2023-11-01,407.6141662597656,SPY
2023-11-02,415.4258728027344,SPY
2023-11-03,419.2159118652344,SPY
2023-11-06,420.18035888671875,SPY
2023-11-07,421.3761901855469,SPY
2023-11-08,421.6847839355469,SPY
2023-11-09,418.39617919921875,SPY
2023-11-10,424.9251708984375,SPY
2023-11-13,424.52008056640625,SPY
2023-11-14,432.756103515625,SPY
2023-11-15,433.67230224609375,SPY
2023-11-16,434.2027587890625,SPY
2023-11-17,434.7427978515625,SPY
2023-11-20,438.0893249511719,SPY
2023-11-21,437.134521484375,SPY
2023-11-22,438.8221740722656,SPY
2023-11-24,439.0922546386719,SPY
2023-11-27,438.3014831542969,SPY
2023-11-28,438.7354431152344,SPY
2023-11-29,438.4267883300781,SPY
2023-11-30,440.1531066894531,SPY
2023-12-01,442.7569274902344,SPY
2023-12-04,440.43280029296875,SPY
2023-12-05,440.34600830078125,SPY
2023-12-06,438.57147216796875,SPY
2023-12-07,441.9179382324219,SPY
2023-12-08,443.8177795410156,SPY
2023-12-11,445.5440673828125,SPY
2023-12-12,447.5790100097656,SPY
2023-12-13,453.7511901855469,SPY
2023-12-14,455.2073974609375,SPY
2023-12-15,454.45794677734375,SPY
2023-12-18,457.0142822265625,SPY
2023-12-19,459.7933349609375,SPY
2023-12-20,453.4219055175781,SPY
2023-12-21,457.72113037109375,SPY
2023-12-22,458.6409912109375,SPY
2023-12-26,460.57763671875,SPY
2023-12-27,461.4103698730469,SPY
2023-12-28,461.584716796875,SPY
2023-12-29,460.24847412109375,SPY
2024-01-02,457.6727294921875,SPY
2024-01-03,453.93505859375,SPY
2024-01-04,452.4728698730469,SPY
2024-01-05,453.09259033203125,SPY
2024-01-08,459.5609436035156,SPY
2024-01-09,458.86376953125,SPY
2024-01-10,461.45880126953125,SPY
2024-01-11,461.2554931640625,SPY
2024-01-12,461.5750427246094,SPY
2024-01-16,459.8804626464844,SPY
2024-01-17,457.3241271972656,SPY
2024-01-18,461.3910217285156,SPY
2024-01-19,467.1427917480469,SPY
2024-01-22,468.1305236816406,SPY
2024-01-23,469.49578857421875,SPY
2024-01-24,470.0091247558594,SPY
2024-01-25,472.5653991699219,SPY
2024-01-26,471.9650573730469,SPY
2024-01-29,475.7026672363281,SPY
2024-01-30,475.334716796875,SPY
2024-01-31,467.5785217285156,SPY
2024-02-01,473.69830322265625,SPY
2024-02-02,478.6851501464844,SPY
2024-02-05,476.9421081542969,SPY
2024-02-06,478.3267822265625,SPY
2024-02-07,482.3162536621094,SPY
2024-02-08,482.529296875,SPY
2024-02-09,485.31805419921875,SPY
2024-02-12,485.1050109863281,SPY
2024-02-13,478.4236145019531,SPY
2024-02-14,482.77142333984375,SPY
2024-02-15,486.1023254394531,SPY
2024-02-16,483.6816101074219,SPY
2024-02-20,481.0187683105469,SPY
2024-02-21,481.45452880859375,SPY
2024-02-22,491.4183654785156,SPY
2024-02-23,491.75732421875,SPY
2024-02-26,489.9562683105469,SPY
2024-02-27,490.866455078125,SPY
2024-02-28,490.2176818847656,SPY
2024-02-29,491.97998046875,SPY
2024-03-01,496.5988464355469,SPY
2024-03-04,496.0663146972656,SPY
2024-03-05,491.1085510253906,SPY
2024-03-06,493.59710693359375,SPY
2024-03-07,498.49676513671875,SPY
2024-03-08,495.504638671875,SPY
2024-03-11,495.07861328125,SPY
2024-03-12,500.4043273925781,SPY
2024-03-13,499.62005615234375,SPY
2024-03-14,498.63238525390625,SPY
2024-03-15,495.2084045410156,SPY
2024-03-18,498.1515197753906,SPY
2024-03-19,500.9197692871094,SPY
2024-03-20,505.552978515625,SPY
2024-03-21,507.22357177734375,SPY
2024-03-22,506.2620849609375,SPY
2024-03-25,504.8633117675781,SPY
2024-03-26,503.9308776855469,SPY
2024-03-27,508.1658630371094,SPY
2024-03-28,508.0687561035156,SPY
2024-04-01,507.1847229003906,SPY
2024-04-02,503.9600524902344,SPY
2024-04-03,504.5137023925781,SPY
2024-04-04,498.3554992675781,SPY
2024-04-05,503.5617370605469,SPY
2024-04-08,503.84344482421875,SPY
2024-04-09,504.42620849609375,SPY
2024-04-10,499.3753662109375,SPY
2024-04-11,503.1441650390625,SPY
2024-04-12,496.19921875,SPY
2024-04-15,489.98272705078125,SPY
2024-04-16,489.089111328125,SPY
2024-04-17,486.1945495605469,SPY
2024-04-18,485.1941223144531,SPY
2024-04-19,480.9591369628906,SPY
2024-04-22,485.3883972167969,SPY
2024-04-23,491.1482238769531,SPY
2024-04-24,490.9151916503906,SPY
2024-04-25,489.05029296875,SPY
2024-04-26,493.6834411621094,SPY
2024-04-29,495.43182373046875,SPY
2024-04-30,487.5835876464844,SPY
2024-05-01,486.00030517578125,SPY
2024-05-02,490.5460510253906,SPY
2024-05-03,496.6265869140625,SPY
2024-05-06,501.7550964355469,SPY
2024-05-07,502.30877685546875,SPY
2024-05-08,502.3572692871094,SPY
2024-05-09,505.2518310546875,SPY
2024-05-10,505.9027099609375,SPY
2024-05-13,505.9705810546875,SPY
2024-05-14,508.2921447753906,SPY
2024-05-15,514.5863037109375,SPY
2024-05-16,513.5274047851562,SPY
2024-05-17,514.2658081054688,SPY
2024-05-20,514.8582153320312,SPY
2024-05-21,516.1209106445312,SPY
2024-05-22,514.6348266601562,SPY
2024-05-23,510.8758239746094,SPY
2024-05-24,514.2559814453125,SPY
2024-05-28,514.6154174804688,SPY
2024-05-29,511.0118408203125,SPY
2024-05-30,507.6219482421875,SPY
2024-05-31,512.245361328125,SPY
2024-06-03,512.6630859375,SPY
2024-06-04,513.2362060546875,SPY
2024-06-05,519.3360595703125,SPY
2024-06-06,519.3262939453125,SPY
2024-06-07,518.6950073242188,SPY
2024-06-10,520.297607421875,SPY
2024-06-11,521.5506591796875,SPY
2024-06-12,525.8341674804688,SPY
2024-06-13,526.892822265625,SPY
2024-06-14,527.2134399414062,SPY
2024-06-17,531.4096069335938,SPY
2024-06-18,532.7597045898438,SPY
2024-06-20,531.3124389648438,SPY
2024-06-21,530.6001586914062,SPY
2024-06-24,528.8753051757812,SPY
2024-06-25,530.911865234375,SPY
2024-06-26,531.5745849609375,SPY
2024-06-27,532.4126586914062,SPY
2024-06-28,530.3174438476562,SPY
2024-07-01,531.408935546875,SPY
2024-07-02,534.985107421875,SPY
2024-07-03,537.3726196289062,SPY
2024-07-05,540.4713745117188,SPY
2024-07-08,541.094970703125,SPY
2024-07-09,541.62109375,SPY
2024-07-10,546.9805908203125,SPY
2024-07-11,542.2644653320312,SPY
2024-07-12,545.6846923828125,SPY
2024-07-15,547.1853637695312,SPY
2024-07-16,550.4302368164062,SPY
2024-07-17,542.712646484375,SPY
2024-07-18,538.5418090820312,SPY
2024-07-19,534.9656372070312,SPY
2024-07-22,540.4810791015625,SPY
2024-07-23,539.6333618164062,SPY
2024-07-24,527.40380859375,SPY
2024-07-25,524.6559448242188,SPY
2024-07-26,530.5319213867188,SPY
2024-07-29,530.84375,SPY
2024-07-30,528.1542358398438,SPY
2024-07-31,536.7391357421875,SPY
2024-08-01,529.138427734375,SPY
2024-08-02,519.28662109375,SPY
2024-08-05,504.1632080078125,SPY
2024-08-06,508.81134033203125,SPY
2024-08-07,505.41046142578125,SPY
2024-08-08,517.0941162109375,SPY
2024-08-09,519.3744506835938,SPY
2024-08-12,519.647216796875,SPY
2024-08-13,528.193115234375,SPY
2024-08-14,529.8594970703125,SPY
2024-08-15,538.94140625,SPY
2024-08-16,540.1497192382812,SPY
2024-08-19,545.3143920898438,SPY
2024-08-20,544.4276123046875,SPY
2024-08-21,546.2986450195312,SPY
2024-08-22,542.0108032226562,SPY
2024-08-23,547.77001953125,SPY
2024-08-26,546.4641723632812,SPY
2024-08-27,547.214599609375,SPY
2024-08-28,544.0377807617188,SPY
2024-08-29,544.086669921875,SPY
2024-08-30,549.2804565429688,SPY
2024-09-03,537.9766845703125,SPY
2024-09-04,536.8756103515625,SPY
2024-09-05,535.5698852539062,SPY
2024-09-06,526.55615234375,SPY
2024-09-09,532.4515380859375,SPY
2024-09-10,534.770751953125,SPY
2024-09-11,540.2569580078125,SPY
2024-09-12,544.8076171875,SPY
2024-09-13,547.653076171875,SPY
2024-09-16,548.4618530273438,SPY
2024-09-17,548.68603515625,SPY
2024-09-18,547.0586547851562,SPY
2024-09-19,556.393798828125,SPY
2024-09-20,555.43212890625,SPY
2024-09-23,556.820068359375,SPY
2024-09-24,558.4132080078125,SPY
2024-09-25,557.181640625,SPY
2024-09-26,559.3907470703125,SPY
2024-09-27,558.5795288085938,SPY
2024-09-30,560.8178100585938,SPY
2024-10-01,555.7938232421875,SPY
2024-10-02,556.0282592773438,SPY
2024-10-03,555.0117797851562,SPY
2024-10-04,560.055419921875,SPY
2024-10-07,554.9922485351562,SPY
2024-10-08,560.2411499023438,SPY
2024-10-09,564.12158203125,SPY
2024-10-10,563.13427734375,SPY
2024-10-11,566.5064697265625,SPY
2024-10-14,571.1397094726562,SPY
2024-10-15,566.7020263671875,SPY
2024-10-16,569.1651611328125,SPY
2024-10-17,569.2139892578125,SPY
2024-10-18,571.403564453125,SPY
2024-10-21,570.4652709960938,SPY
2024-10-22,570.1622314453125,SPY
2024-10-23,564.9523315429688,SPY
2024-10-24,566.1741943359375,SPY
2024-10-25,565.978759765625,SPY
2024-10-28,567.7284545898438,SPY
2024-10-29,568.6471557617188,SPY
2024-10-30,566.9268798828125,SPY
2024-10-31,555.8133544921875,SPY
2024-11-01,558.1591186523438,SPY
2024-11-04,556.95703125,SPY
2024-11-05,563.6915893554688,SPY
2024-11-06,577.7080078125,SPY
2024-11-07,582.1749877929688,SPY
2024-11-08,584.6967163085938,SPY
2024-11-11,585.25390625,SPY
2024-11-12,583.4358520507812,SPY
2024-11-13,583.7193603515625,SPY
2024-11-14,579.9659423828125,SPY
2024-11-15,572.537353515625,SPY
2024-11-18,574.8832397460938,SPY
2024-11-19,576.9847412109375,SPY
2024-11-20,577.1802978515625,SPY
2024-11-21,580.2787475585938,SPY
2024-11-22,582.0772094726562,SPY
2024-11-25,584.0516967773438,SPY
2024-11-26,587.1011962890625,SPY
2024-11-27,585.322265625,SPY
2024-11-29,588.9583740234375,SPY
2024-12-02,590.0140380859375,SPY
2024-12-03,590.2877197265625,SPY
2024-12-04,593.9530639648438,SPY
2024-12-05,592.9756469726562,SPY
2024-12-06,594.0997924804688,SPY
2024-12-09,591.0403442382812,SPY
2024-12-10,589.2027587890625,SPY
2024-12-11,593.7576293945312,SPY
2024-12-12,590.6983032226562,SPY
2024-12-13,590.5809326171875,SPY
2024-12-16,593.1027221679688,SPY
2024-12-17,590.6591186523438,SPY
2024-12-18,573.0554809570312,SPY
2024-12-19,572.8794555664062,SPY
2024-12-20,579.76025390625,SPY
2024-12-23,583.2320556640625,SPY
2024-12-24,589.7146606445312,SPY
2024-12-26,589.7539672851562,SPY
2024-12-27,583.5458374023438,SPY
2024-12-30,576.88671875,SPY
2024-12-31,574.7880249023438,SPY
2025-01-02,573.375732421875,SPY
2025-01-03,580.5448608398438,SPY
2025-01-06,583.8890991210938,SPY
2025-01-07,577.2887573242188,SPY
2025-01-08,578.1322021484375,SPY
2025-01-10,569.3056640625,SPY
2025-01-13,570.188232421875,SPY
2025-01-14,570.9729614257812,SPY
2025-01-15,581.3588256835938,SPY
2025-01-16,580.2408447265625,SPY
2025-01-17,586.06640625,SPY
2025-01-21,591.430908203125,SPY
2025-01-22,594.7557373046875,SPY
2025-01-23,598.001953125,SPY
2025-01-24,596.2562255859375,SPY
2025-01-27,587.8218994140625,SPY
2025-01-28,592.8727416992188,SPY
2025-01-29,590.2149047851562,SPY
2025-01-30,593.3826904296875,SPY
2025-01-31,590.2247314453125,SPY
2025-02-03,586.252685546875,SPY
2025-02-04,590.1854858398438,SPY
2025-02-05,592.5784301757812,SPY
2025-02-06,594.6380004882812,SPY
2025-02-07,589.1950073242188,SPY
2025-02-10,593.1962280273438,SPY
2025-02-11,593.6474609375,SPY
2025-02-12,591.7349243164062,SPY
2025-02-13,597.9822998046875,SPY
2025-02-14,597.9529418945312,SPY
2025-02-18,599.7083740234375,SPY
2025-02-19,601.1206665039062,SPY
2025-02-20,598.6197509765625,SPY
2025-02-21,588.380859375,SPY
2025-02-24,585.70361328125,SPY
2025-02-25,582.7907104492188,SPY
2025-02-26,583.0849609375,SPY
2025-02-27,573.7777709960938,SPY
2025-02-28,582.7318115234375,SPY
2025-03-03,572.5223999023438,SPY
2025-03-04,565.7455444335938,SPY
2025-03-05,571.826171875,SPY
2025-03-06,561.6755981445312,SPY
2025-03-07,564.82373046875,SPY
2025-03-10,549.779296875,SPY
2025-03-11,545.2090454101562,SPY
2025-03-12,548.1021728515625,SPY
2025-03-13,540.7957763671875,SPY
2025-03-14,551.96630859375,SPY
2025-03-17,556.2227172851562,SPY
2025-03-18,550.2108154296875,SPY
2025-03-19,556.203125,SPY
2025-03-20,554.5947265625,SPY
2025-03-21,554.777587890625,SPY
2025-03-24,564.7128295898438,SPY
2025-03-25,566.0703735351562,SPY
2025-03-26,559.3124389648438,SPY
2025-03-27,557.8270874023438,SPY
2025-03-28,546.5934448242188,SPY
2025-03-31,550.2625122070312,SPY
2025-04-01,551.816650390625,SPY
2025-04-02,555.3087768554688,SPY
2025-04-03,527.9428100585938,SPY
2025-04-04,497.0354309082031,SPY
2025-04-07,496.150146484375,SPY
2025-04-08,488.3790588378906,SPY
2025-04-09,539.6683349609375,SPY
2025-04-10,516.0205078125,SPY
2025-04-11,525.2278442382812,SPY
2025-04-14,530.3232421875,SPY
2025-04-15,528.8378295898438,SPY
2025-04-16,517.0828857421875,SPY
2025-04-17,517.8206176757812,SPY
2025-04-21,505.4951171875,SPY
2025-04-22,518.64697265625,SPY
2025-04-23,526.6836547851562,SPY
2025-04-24,537.7697143554688,SPY
2025-04-25,541.6552734375,SPY
2025-04-28,541.8618774414062,SPY
2025-04-29,545.2752685546875,SPY
2025-04-30,545.4916381835938,SPY
2025-05-01,549.3574829101562,SPY
2025-05-02,557.5123291015625,SPY
2025-05-05,554.3153686523438,SPY
2025-05-06,549.6821899414062,SPY
2025-05-07,551.9938354492188,SPY
2025-05-08,555.8400268554688,SPY
2025-05-09,555.1317749023438,SPY
2025-05-12,573.4774780273438,SPY
2025-05-13,577.2646484375,SPY
2025-05-14,578.0023803710938,SPY
2025-05-15,580.8255615234375,SPY
2025-05-16,584.5045166015625,SPY
2025-05-19,585.1439208984375,SPY
2025-05-20,583.1765747070312,SPY
2025-05-21,573.349609375,SPY
2025-05-22,573.575927734375,SPY
2025-05-23,569.6607666015625,SPY
2025-05-27,581.5042724609375,SPY
2025-05-28,578.1400146484375,SPY
2025-05-29,580.4223022460938,SPY
2025-05-30,579.7730102539062,SPY
2025-06-02,583.0389404296875,SPY
2025-06-03,586.3637084960938,SPY
2025-06-04,586.206298828125,SPY
2025-06-05,583.3732299804688,SPY
2025-06-06,589.364013671875,SPY
2025-06-09,589.8951416015625,SPY
2025-06-10,593.2396850585938,SPY
2025-06-11,591.5477294921875,SPY
2025-06-12,593.898681640625,SPY
2025-06-13,587.2588500976562,SPY
2025-06-16,592.8462524414062,SPY
2025-06-17,587.7802124023438,SPY
2025-06-18,587.691650390625,SPY
2025-06-20,586.3114624023438,SPY
2025-06-23,592.102783203125,SPY
2025-06-24,598.643798828125,SPY
2025-06-25,598.9793090820312,SPY
2025-06-26,603.6655883789062,SPY
2025-06-27,606.664794921875,SPY
2025-06-30,609.5654296875,SPY
2025-07-01,609.3681640625,SPY
2025-07-02,612.1305541992188,SPY
2025-07-03,616.9549560546875,SPY
2025-07-07,612.357421875,SPY
2025-07-08,612.0220336914062,SPY
2025-07-09,615.692138671875,SPY
2025-07-10,617.4285278320312,SPY
2025-07-11,615.258056640625,SPY
2025-07-14,616.4320678710938,SPY
2025-07-15,613.7978515625,SPY
2025-07-16,615.8499755859375,SPY
2025-07-17,619.61865234375,SPY
2025-07-18,619.1649780273438,SPY
2025-07-21,620.3389892578125,SPY
2025-07-22,620.427734375,SPY
2025-07-23,625.7061157226562,SPY
2025-07-24,625.9132690429688,SPY
2025-07-25,628.5572509765625,SPY
2025-07-28,628.3994140625,SPY
2025-07-29,626.741943359375,SPY
2025-07-30,625.9526977539062,SPY
2025-07-31,623.6046142578125,SPY
2025-08-01,613.3834838867188,SPY
2025-08-04,622.7067260742188,SPY
2025-08-05,619.5496215820312,SPY
2025-08-06,624.295166015625,SPY
2025-08-07,623.772216796875,SPY
2025-08-08,628.6361694335938,SPY
2025-08-11,627.39306640625,SPY
2025-08-12,634.0723266601562,SPY
2025-08-13,636.2428588867188,SPY
2025-08-14,636.302001953125,SPY
2025-08-15,634.8123168945312,SPY
2025-08-18,634.674072265625,SPY
2025-08-19,631.2308959960938,SPY
2025-08-20,629.5537109375,SPY
2025-08-21,627.0280151367188,SPY
2025-08-22,636.6571655273438,SPY
2025-08-25,633.855224609375,SPY
2025-08-26,636.5092163085938,SPY
2025-08-27,637.95947265625,SPY
2025-08-28,640.21875,SPY
2025-08-29,636.400634765625,SPY
2025-09-02,631.6847534179688,SPY
2025-09-03,635.1082763671875,SPY
2025-09-04,640.4161376953125,SPY
2025-09-05,638.561279296875,SPY
2025-09-08,640.1299438476562,SPY
2025-09-09,641.6099243164062,SPY
2025-09-10,643.4647216796875,SPY
2025-09-11,648.81201171875,SPY
2025-09-12,648.5949096679688,SPY
2025-09-15,652.0480346679688,SPY
2025-09-16,651.1502075195312,SPY
2025-09-17,650.3412475585938,SPY
2025-09-18,653.3798828125,SPY
2025-09-19,656.6160278320312,SPY
2025-09-22,659.7225341796875,SPY
2025-09-23,656.1312866210938,SPY
2025-09-24,654.043701171875,SPY
2025-09-25,651.0263061523438,SPY
2025-09-26,654.756103515625,SPY
2025-09-29,656.5962524414062,SPY
2025-09-30,659.0694580078125,SPY
2025-10-01,661.3153686523438,SPY
2025-10-02,662.0769653320312,SPY
2025-10-03,662.0672607421875,SPY
2025-10-06,664.4415893554688,SPY
2025-10-07,661.9781494140625,SPY
2025-10-08,665.925537109375,SPY
2025-10-09,663.996337890625,SPY
2025-10-10,646.0499877929688,SPY
2025-10-13,655.9629516601562,SPY
2025-10-14,655.16162109375,SPY
2025-10-15,658.0702514648438,SPY
2025-10-16,653.5886840820312,SPY
2025-10-17,657.2986450195312,SPY
2025-10-20,664.1348876953125,SPY
2025-10-21,664.125,SPY
2025-10-22,660.6722412109375,SPY
2025-10-23,664.5899658203125,SPY
2025-10-24,670.0213623046875,SPY
2025-10-27,677.9260864257812,SPY
2025-10-28,679.7266235351562,SPY
2025-10-29,680.05322265625,SPY
2025-10-30,672.5738525390625,SPY
2025-10-31,674.780029296875,SPY
2025-11-03,676.04638671875,SPY
2025-11-04,668.0328369140625,SPY
2025-11-05,670.3478393554688,SPY
2025-11-06,663.1554565429688,SPY
2025-11-07,663.808349609375,SPY
2025-11-10,674.1666259765625,SPY
2025-11-11,675.7099609375,SPY
2025-11-12,676.0859375,SPY
2025-11-13,664.8670043945312,SPY
2025-11-14,664.7581176757812,SPY
2025-11-17,658.5650024414062,SPY
2025-11-18,653.0346069335938,SPY
2025-11-19,655.5574340820312,SPY
2025-11-20,645.5652465820312,SPY
2025-11-21,651.9959106445312,SPY
2025-11-24,661.59228515625,SPY
2025-11-25,667.8152465820312,SPY
2025-11-26,672.4254760742188,SPY
2025-11-28,676.0958862304688,SPY
2025-12-01,673.0091552734375,SPY
2025-12-02,674.2556762695312,SPY
2025-12-03,676.590576171875,SPY
2025-12-04,677.0851440429688,SPY
2025-12-05,678.3712768554688,SPY
2025-12-08,676.333251953125,SPY
2025-12-09,675.7495727539062,SPY
2025-12-10,680.2312622070312,SPY
2025-12-11,681.8140869140625,SPY
2025-12-12,674.4832763671875,SPY
2025-12-15,673.4642333984375,SPY
2025-12-16,671.6240844726562,SPY
2025-12-17,664.2338256835938,SPY
2025-12-18,669.2496948242188,SPY
2025-12-19,675.3153686523438,SPY
2025-12-22,679.5225219726562,SPY
2025-12-23,682.6282348632812,SPY
2025-12-24,685.0294799804688,SPY
2025-12-26,684.9599609375,SPY
2025-12-29,682.51904296875,SPY
2025-12-30,681.6856079101562,SPY
2025-12-31,676.635009765625,SPY
2026-01-02,677.8753662109375,SPY
2026-01-05,682.3900756835938,SPY
2026-01-06,686.4483642578125,SPY
2026-01-07,684.2356567382812,SPY
2026-01-08,684.1661987304688,SPY
2026-01-09,688.6908569335938,SPY
2026-01-12,689.7723388671875,SPY
2026-01-13,688.3932495117188,SPY
2026-01-14,685.0095825195312,SPY
2026-01-15,686.8750610351562,SPY
2026-01-16,686.2994995117188,SPY
2026-01-20,672.3286743164062,SPY
2026-01-21,680.0880126953125,SPY
2026-01-22,683.6403198242188,SPY
2026-01-23,683.8883056640625,SPY
2026-01-26,687.3612060546875,SPY
2026-01-27,690.099853515625,SPY
2026-01-28,690.0303344726562,SPY
2026-01-29,688.6610717773438,SPY
2026-01-30,686.6071166992188,SPY
2026-02-02,690.0204467773438,SPY
2026-02-03,684.18603515625,SPY
2026-02-04,680.8719482421875,SPY
2026-02-05,672.3683471679688,SPY
2026-02-06,685.267578125,SPY
2026-02-09,688.57177734375,SPY
2026-02-10,686.7559814453125,SPY
2026-02-11,686.5972290039062,SPY
2026-02-12,675.9901123046875,SPY
2026-02-13,676.46630859375,SPY
2026-02-17,677.5578002929688,SPY
2026-02-18,680.9711303710938,SPY
2026-02-19,679.1751708984375,SPY
2026-02-20,684.0867919921875,SPY
2026-02-23,677.1013793945312,SPY
2026-02-24,682.0228881835938,SPY
2026-02-25,687.778076171875,SPY
2026-02-26,683.9578247070312,SPY
2026-02-27,680.6734619140625,SPY
2026-03-02,681.0604858398438,SPY
2026-03-03,675.057373046875,SPY
2026-03-04,679.820068359375,SPY
2026-03-05,676.0297241210938,SPY
2026-03-06,667.1688842773438,SPY
2026-03-09,673.0133666992188,SPY
2026-03-10,671.9317016601562,SPY
2026-03-11,671.08837890625,SPY
2026-03-12,660.8978881835938,SPY
2026-03-13,657.1571655273438,SPY
2026-03-16,663.844970703125,SPY
2026-03-17,665.5912475585938,SPY
2026-03-18,656.3038330078125,SPY
2026-03-19,654.6864624023438,SPY
2026-03-20,645.3009643554688,SPY
2026-03-23,652.07666015625,SPY
2026-03-24,649.8877563476562,SPY
2026-03-25,653.5094604492188,SPY
2026-03-26,641.838623046875,SPY
2026-03-27,630.89404296875,SPY
2026-03-30,628.78466796875,SPY
2026-03-31,647.0621337890625,SPY
2026-04-01,651.9373779296875,SPY
2026-04-02,652.5244750976562,SPY
2026-04-06,655.6087646484375,SPY
2026-04-07,655.8972778320312,SPY
2026-04-08,672.6027221679688,SPY
2026-04-09,676.4830322265625,SPY
2026-04-10,676.0353393554688,SPY
2026-04-13,682.6417846679688,SPY
2026-04-14,690.959716796875,SPY
2026-04-15,696.412109375,SPY
2026-04-16,698.1234130859375,SPY
2026-04-17,706.5607299804688,SPY
2026-04-20,705.1477661132812,SPY
2026-04-21,700.53125,SPY
2026-04-22,707.6253051757812,SPY
2026-04-23,704.8792114257812,SPY
2026-04-24,710.3414916992188,SPY
2026-04-27,711.5653686523438,SPY
2026-04-28,708.1029052734375,SPY
2026-04-29,707.993408203125,SPY
2026-04-30,715.0377197265625,SPY
2026-05-01,717.0177001953125,SPY
2026-05-04,714.3909912109375,SPY
2026-05-05,720.1220092773438,SPY
2026-05-06,730.1312866210938,SPY
2026-05-07,727.8926391601562,SPY
2026-05-08,733.9021606445312,SPY
2026-05-11,735.5736694335938,SPY
2026-05-12,734.4593505859375,SPY
2026-05-13,738.5685424804688,SPY
2026-05-14,744.3989868164062,SPY
2026-05-15,735.4443969726562,SPY
2026-05-18,734.927001953125,SPY
2026-05-19,730.03173828125,SPY
2026-05-20,737.5138549804688,SPY
2026-05-21,738.9764404296875,SPY
2026-05-22,741.8817749023438,SPY
2026-05-26,746.8068237304688,SPY
2026-05-27,746.6774291992188,SPY
2026-05-28,750.7965698242188,SPY
2026-05-29,752.6671142578125,SPY
2026-06-01,754.7166748046875,SPY
2026-06-02,755.7415771484375,SPY
2026-06-03,750.4384155273438,SPY
2026-06-04,753.2740478515625,SPY
2026-06-05,733.83251953125,SPY
2026-06-08,735.4940795898438,SPY
2026-06-09,733.3350830078125,SPY
2026-06-10,721.7736206054688,SPY
2026-06-11,734.04150390625,SPY
2026-06-12,738.0113525390625,SPY
2026-06-15,751.0254516601562,SPY
2026-06-16,746.5481567382812,SPY
2026-06-17,737.225341796875,SPY
2026-06-18,744.8902587890625,SPY
2026-06-22,742.546142578125,SPY
2026-06-23,731.7628784179688,SPY
2026-06-24,731.4237060546875,SPY
2026-06-25,732.4810791015625,SPY
2026-06-26,727.1842651367188,SPY
2026-06-29,739.1644897460938,SPY
2026-06-30,744.9202270507812,SPY
2026-07-01,743.9127197265625,SPY
2026-07-02,742.9351806640625,SPY
2026-07-06,749.4190673828125,SPY
2026-07-07,745.85791015625,SPY
2026-07-08,743.5536499023438,SPY
2026-07-09,749.8480224609375,SPY
2026-07-10,753.0799560546875,SPY
2026-07-13,747.3142700195312,SPY
2026-07-14,749.9677124023438,SPY
2026-07-15,752.9403076171875,SPY
2026-07-16,748.8604125976562,SPY
2026-07-17,741.4487915039062,SPY
2026-07-20,740.2518310546875,SPY
2026-07-21,746.426513671875,SPY
2026-07-22,745.55859375,SPY
2026-07-23,736.3515014648438,SPY
2026-07-24,737.099609375,SPY
2026-07-27,737.25927734375,SPY
2026-07-28,739.0248413085938,SPY
2026-07-29,727.6531372070312,SPY
2026-07-30,739.852783203125,SPY
2026-07-31,745.1796264648438,SPY
2026-08-03,755.793212890625,SPY
2026-08-04,769.4193725585938,SPY
2026-08-05,767.8831787109375,SPY
2026-08-06,766.65625,SPY
2026-08-07,771.3446044921875,SPY
2026-08-10,771.1151733398438,SPY
2026-08-11,768.6513061523438,SPY
2026-08-12,770.5764770507812,SPY
2026-08-13,775.9531860351562,SPY
2026-08-14,774.4169921875,SPY
2026-08-17,770.7560424804688,SPY
2026-08-18,765.5490112304688,SPY
2026-08-19,767.1549682617188,SPY
2026-08-20,760.7109985351562,SPY
2026-08-21,763.8232421875,SPY
2026-08-24,761.5787963867188,SPY
2026-08-25,764.0127563476562,SPY
2026-08-26,764.182373046875,SPY
2026-08-27,769.18994140625,SPY
2026-08-28,767.4442749023438,SPY
2026-08-31,765.1499633789062,SPY
